Action,Campaign,Ad Group,Keyword,Criterion Type,Ad type,Ad Strength,Ad status,Final URL,Headline 1,Headline 2,Headline 3,Headline 4,Description 1,Description 2,Campaign type,Networks,Budget,Budget type,Bid strategy type,EU political ads,Headline 5,Headline 6,Headline 7,Headline 8,Headline 9,Headline 10,Headline 11,Headline 12,Description 3,Description 4,Location,Language
Add,GLP5 GLT - UK - Search Brand,,,,,,,,,,,,,,Search,Google Search,50,Daily,Maximize clicks,No,,,,,,,,,,,United Kingdom,English
Add,GLP5 GLT - UK - Search Brand,,peptide,Negative Phrase,,,,,,,,,,,,,,,,,,,,,,,,,,,,
Add,GLP5 GLT - UK - Search Brand,,peptides,Negative Phrase,,,,,,,,,,,,,,,,,,,,,,,,,,,,
Add,GLP5 GLT - UK - Search Brand,,eli lilly,Negative Phrase,,,,,,,,,,,,,,,,,,,,,,,,,,,,
Add,GLP5 GLT - UK - Search Brand,,lilly,Negative Phrase,,,,,,,,,,,,,,,,,,,,,,,,,,,,
Add,GLP5 GLT - UK - Search Brand,,retatrutide,Negative Phrase,,,,,,,,,,,,,,,,,,,,,,,,,,,,
Add,GLP5 GLT - UK - Search Brand,,tirzepatide,Negative Phrase,,,,,,,,,,,,,,,,,,,,,,,,,,,,
Add,GLP5 GLT - UK - Search Brand,,semaglutide,Negative Phrase,,,,,,,,,,,,,,,,,,,,,,,,,,,,
Add,GLP5 GLT - UK - Search Brand,,ozempic,Negative Phrase,,,,,,,,,,,,,,,,,,,,,,,,,,,,
Add,GLP5 GLT - UK - Search Brand,,wegovy,Negative Phrase,,,,,,,,,,,,,,,,,,,,,,,,,,,,
Add,GLP5 GLT - UK - Search Brand,,mounjaro,Negative Phrase,,,,,,,,,,,,,,,,,,,,,,,,,,,,
Add,GLP5 GLT - UK - Search Brand,,injection,Negative Phrase,,,,,,,,,,,,,,,,,,,,,,,,,,,,
Add,GLP5 GLT - UK - Search Brand,,injections,Negative Phrase,,,,,,,,,,,,,,,,,,,,,,,,,,,,
Add,GLP5 GLT - UK - Search Brand,,injektion,Negative Phrase,,,,,,,,,,,,,,,,,,,,,,,,,,,,
Add,GLP5 GLT - UK - Search Brand,,spritze,Negative Phrase,,,,,,,,,,,,,,,,,,,,,,,,,,,,
Add,GLP5 GLT - UK - Search Brand,,pen,Negative Phrase,,,,,,,,,,,,,,,,,,,,,,,,,,,,
Add,GLP5 GLT - UK - Search Brand,,prescription,Negative Phrase,,,,,,,,,,,,,,,,,,,,,,,,,,,,
Add,GLP5 GLT - UK - Search Brand,,rezept,Negative Phrase,,,,,,,,,,,,,,,,,,,,,,,,,,,,
Add,GLP5 GLT - UK - Search Brand,,recept,Negative Phrase,,,,,,,,,,,,,,,,,,,,,,,,,,,,
Add,GLP5 GLT - UK - Search Brand,,ordonnance,Negative Phrase,,,,,,,,,,,,,,,,,,,,,,,,,,,,
Add,GLP5 GLT - UK - Search Brand,,gear oil,Negative Phrase,,,,,,,,,,,,,,,,,,,,,,,,,,,,
Add,GLP5 GLT - UK - Search Brand,,oil,Negative Phrase,,,,,,,,,,,,,,,,,,,,,,,,,,,,
Add,GLP5 GLT - UK - Search Brand,,öl,Negative Phrase,,,,,,,,,,,,,,,,,,,,,,,,,,,,
Add,GLP5 GLT - UK - Search Brand,,olie,Negative Phrase,,,,,,,,,,,,,,,,,,,,,,,,,,,,
Add,GLP5 GLT - UK - Search Brand,,huile,Negative Phrase,,,,,,,,,,,,,,,,,,,,,,,,,,,,
Add,GLP5 GLT - UK - Search Brand,,bosch,Negative Phrase,,,,,,,,,,,,,,,,,,,,,,,,,,,,
Add,GLP5 GLT - UK - Search Brand,,beyond,Negative Phrase,,,,,,,,,,,,,,,,,,,,,,,,,,,,
Add,GLP5 GLT - UK - Search Brand,,glp-1,Negative Phrase,,,,,,,,,,,,,,,,,,,,,,,,,,,,
Add,GLP5 GLT - UK - Search Brand,,glp 1,Negative Phrase,,,,,,,,,,,,,,,,,,,,,,,,,,,,
Add,GLP5 GLT - UK - Search Brand,,glp1,Negative Phrase,,,,,,,,,,,,,,,,,,,,,,,,,,,,
Add,GLP5 GLT - UK - Search Brand,,guidelines,Negative Phrase,,,,,,,,,,,,,,,,,,,,,,,,,,,,
Add,GLP5 GLT - UK - Search Brand,,schedule,Negative Phrase,,,,,,,,,,,,,,,,,,,,,,,,,,,,
Add,GLP5 GLT - UK - Search Brand,,laboratory,Negative Phrase,,,,,,,,,,,,,,,,,,,,,,,,,,,,
Add,GLP5 GLT - UK - Search Brand,,reddit,Negative Phrase,,,,,,,,,,,,,,,,,,,,,,,,,,,,
Add,GLP5 GLT - UK - Search Brand,,jobs,Negative Phrase,,,,,,,,,,,,,,,,,,,,,,,,,,,,
Add,GLP5 GLT - UK - Search Brand,,job,Negative Phrase,,,,,,,,,,,,,,,,,,,,,,,,,,,,
Add,GLP5 GLT - UK - Search Brand,Brand - Exact,,,,,,,,,,,,,,,,,,,,,,,,,,,,,,
Add,GLP5 GLT - UK - Search Brand,Brand - Exact,glp5 glt,Exact,,,,,,,,,,,,,,,,,,,,,,,,,,,,
Add,GLP5 GLT - UK - Search Brand,Brand - Exact,glp 5 glt,Exact,,,,,,,,,,,,,,,,,,,,,,,,,,,,
Add,GLP5 GLT - UK - Search Brand,Brand - Exact,glp5glt,Exact,,,,,,,,,,,,,,,,,,,,,,,,,,,,
Add,GLP5 GLT - UK - Search Brand,Brand - Exact,glp-5 glt,Exact,,,,,,,,,,,,,,,,,,,,,,,,,,,,
Add,GLP5 GLT - UK - Search Brand,Brand - Exact,glp5 glt capsules,Exact,,,,,,,,,,,,,,,,,,,,,,,,,,,,
Add,GLP5 GLT - UK - Search Brand,Brand - Exact,glp5 glt uk,Exact,,,,,,,,,,,,,,,,,,,,,,,,,,,,
Add,GLP5 GLT - UK - Search Brand,Brand - Exact,glp5 glt tablets,Exact,,,,,,,,,,,,,,,,,,,,,,,,,,,,
Add,GLP5 GLT - UK - Search Brand,Brand - Exact,,,Responsive search ad,Pending,Enabled,https://glp5-glt.store/uk/,{KeyWord:GLP5 GLT Capsules},GLP5 GLT Capsules UK,Order GLP5 GLT Online,Save 46% on the 3-Pack,"GLP5 GLT capsules: compare the 1, 2 and 3-pack prices and order safely online.","60-day money-back guarantee. 3-pack: save 46%, free delivery, only £1.22 per day.",,,,,,,60-Day Money-Back Guarantee,Only £1.22 per Day,Free Delivery on 2 & 3 Packs,Secure Checkout,GLP5 GLT: Prices & Packs,One Capsule a Day,GLP5 GLT Reviews & Facts,From £59.95 Delivered,"Natural metabolism & appetite support supplement. One-time payment, no subscription.","Read GLP5 GLT reviews, prices and where to buy in the UK before you order.",,
Add,GLP5 GLT - UK - Search Brand,Buy - Exact,,,,,,,,,,,,,,,,,,,,,,,,,,,,,,
Add,GLP5 GLT - UK - Search Brand,Buy - Exact,buy glp5 glt,Exact,,,,,,,,,,,,,,,,,,,,,,,,,,,,
Add,GLP5 GLT - UK - Search Brand,Buy - Exact,glp5 glt buy,Exact,,,,,,,,,,,,,,,,,,,,,,,,,,,,
Add,GLP5 GLT - UK - Search Brand,Buy - Exact,glp5 glt price,Exact,,,,,,,,,,,,,,,,,,,,,,,,,,,,
Add,GLP5 GLT - UK - Search Brand,Buy - Exact,where to buy glp5 glt,Exact,,,,,,,,,,,,,,,,,,,,,,,,,,,,
Add,GLP5 GLT - UK - Search Brand,Buy - Exact,glp5 glt order,Exact,,,,,,,,,,,,,,,,,,,,,,,,,,,,
Add,GLP5 GLT - UK - Search Brand,Buy - Exact,glp5 glt boots,Exact,,,,,,,,,,,,,,,,,,,,,,,,,,,,
Add,GLP5 GLT - UK - Search Brand,Buy - Exact,,,Responsive search ad,Pending,Enabled,https://glp5-glt.store/uk/buy/,{KeyWord:GLP5 GLT Capsules},GLP5 GLT Capsules UK,Order GLP5 GLT Online,Save 46% on the 3-Pack,"GLP5 GLT capsules: compare the 1, 2 and 3-pack prices and order safely online.","60-day money-back guarantee. 3-pack: save 46%, free delivery, only £1.22 per day.",,,,,,,60-Day Money-Back Guarantee,Only £1.22 per Day,Free Delivery on 2 & 3 Packs,Secure Checkout,GLP5 GLT: Prices & Packs,One Capsule a Day,GLP5 GLT Reviews & Facts,From £59.95 Delivered,"Natural metabolism & appetite support supplement. One-time payment, no subscription.","Read GLP5 GLT reviews, prices and where to buy in the UK before you order.",,
Add,GLP5 GLT - UK - Search Brand,Reviews - Exact,,,,,,,,,,,,,,,,,,,,,,,,,,,,,,
Add,GLP5 GLT - UK - Search Brand,Reviews - Exact,glp5 glt reviews,Exact,,,,,,,,,,,,,,,,,,,,,,,,,,,,
Add,GLP5 GLT - UK - Search Brand,Reviews - Exact,glp5 glt review,Exact,,,,,,,,,,,,,,,,,,,,,,,,,,,,
Add,GLP5 GLT - UK - Search Brand,Reviews - Exact,glp 5 glt reviews,Exact,,,,,,,,,,,,,,,,,,,,,,,,,,,,
Add,GLP5 GLT - UK - Search Brand,Reviews - Exact,glp5 reviews,Exact,,,,,,,,,,,,,,,,,,,,,,,,,,,,
Add,GLP5 GLT - UK - Search Brand,Reviews - Exact,,,Responsive search ad,Pending,Enabled,https://glp5-glt.store/uk/reviews/,{KeyWord:GLP5 GLT Capsules},GLP5 GLT Capsules UK,Order GLP5 GLT Online,Save 46% on the 3-Pack,"GLP5 GLT capsules: compare the 1, 2 and 3-pack prices and order safely online.","60-day money-back guarantee. 3-pack: save 46%, free delivery, only £1.22 per day.",,,,,,,60-Day Money-Back Guarantee,Only £1.22 per Day,Free Delivery on 2 & 3 Packs,Secure Checkout,GLP5 GLT: Prices & Packs,One Capsule a Day,GLP5 GLT Reviews & Facts,From £59.95 Delivered,"Natural metabolism & appetite support supplement. One-time payment, no subscription.","Read GLP5 GLT reviews, prices and where to buy in the UK before you order.",,
Add,GLP5 GLT - UK - Search Brand,Legit - Exact,,,,,,,,,,,,,,,,,,,,,,,,,,,,,,
Add,GLP5 GLT - UK - Search Brand,Legit - Exact,is glp5 glt legit,Exact,,,,,,,,,,,,,,,,,,,,,,,,,,,,
Add,GLP5 GLT - UK - Search Brand,Legit - Exact,glp5 glt legit,Exact,,,,,,,,,,,,,,,,,,,,,,,,,,,,
Add,GLP5 GLT - UK - Search Brand,Legit - Exact,glp5 glt scam,Exact,,,,,,,,,,,,,,,,,,,,,,,,,,,,
Add,GLP5 GLT - UK - Search Brand,Legit - Exact,glp5 glt dragons den,Exact,,,,,,,,,,,,,,,,,,,,,,,,,,,,
Add,GLP5 GLT - UK - Search Brand,Legit - Exact,,,Responsive search ad,Pending,Enabled,https://glp5-glt.store/uk/legit/,{KeyWord:GLP5 GLT Capsules},GLP5 GLT Capsules UK,Order GLP5 GLT Online,Save 46% on the 3-Pack,"GLP5 GLT capsules: compare the 1, 2 and 3-pack prices and order safely online.","60-day money-back guarantee. 3-pack: save 46%, free delivery, only £1.22 per day.",,,,,,,60-Day Money-Back Guarantee,Only £1.22 per Day,Free Delivery on 2 & 3 Packs,Secure Checkout,GLP5 GLT: Prices & Packs,One Capsule a Day,GLP5 GLT Reviews & Facts,From £59.95 Delivered,"Natural metabolism & appetite support supplement. One-time payment, no subscription.","Read GLP5 GLT reviews, prices and where to buy in the UK before you order.",,
Add,GLP5 GLT - UK - Search Brand,Brand - Phrase,,,,,,,,,,,,,,,,,,,,,,,,,,,,,,
Add,GLP5 GLT - UK - Search Brand,Brand - Phrase,glp5 glt,Phrase,,,,,,,,,,,,,,,,,,,,,,,,,,,,
Add,GLP5 GLT - UK - Search Brand,Brand - Phrase,glp 5 glt,Phrase,,,,,,,,,,,,,,,,,,,,,,,,,,,,
Add,GLP5 GLT - UK - Search Brand,Brand - Phrase,,,Responsive search ad,Pending,Enabled,https://glp5-glt.store/uk/,{KeyWord:GLP5 GLT Capsules},GLP5 GLT Capsules UK,Order GLP5 GLT Online,Save 46% on the 3-Pack,"GLP5 GLT capsules: compare the 1, 2 and 3-pack prices and order safely online.","60-day money-back guarantee. 3-pack: save 46%, free delivery, only £1.22 per day.",,,,,,,60-Day Money-Back Guarantee,Only £1.22 per Day,Free Delivery on 2 & 3 Packs,Secure Checkout,GLP5 GLT: Prices & Packs,One Capsule a Day,GLP5 GLT Reviews & Facts,From £59.95 Delivered,"Natural metabolism & appetite support supplement. One-time payment, no subscription.","Read GLP5 GLT reviews, prices and where to buy in the UK before you order.",,
Add,GLP5 GLT - DE - Search Brand,,,,,,,,,,,,,,Search,Google Search,50,Daily,Maximize clicks,No,,,,,,,,,,,Germany,German
Add,GLP5 GLT - DE - Search Brand,,peptide,Negative Phrase,,,,,,,,,,,,,,,,,,,,,,,,,,,,
Add,GLP5 GLT - DE - Search Brand,,peptides,Negative Phrase,,,,,,,,,,,,,,,,,,,,,,,,,,,,
Add,GLP5 GLT - DE - Search Brand,,eli lilly,Negative Phrase,,,,,,,,,,,,,,,,,,,,,,,,,,,,
Add,GLP5 GLT - DE - Search Brand,,lilly,Negative Phrase,,,,,,,,,,,,,,,,,,,,,,,,,,,,
Add,GLP5 GLT - DE - Search Brand,,retatrutide,Negative Phrase,,,,,,,,,,,,,,,,,,,,,,,,,,,,
Add,GLP5 GLT - DE - Search Brand,,tirzepatide,Negative Phrase,,,,,,,,,,,,,,,,,,,,,,,,,,,,
Add,GLP5 GLT - DE - Search Brand,,semaglutide,Negative Phrase,,,,,,,,,,,,,,,,,,,,,,,,,,,,
Add,GLP5 GLT - DE - Search Brand,,ozempic,Negative Phrase,,,,,,,,,,,,,,,,,,,,,,,,,,,,
Add,GLP5 GLT - DE - Search Brand,,wegovy,Negative Phrase,,,,,,,,,,,,,,,,,,,,,,,,,,,,
Add,GLP5 GLT - DE - Search Brand,,mounjaro,Negative Phrase,,,,,,,,,,,,,,,,,,,,,,,,,,,,
Add,GLP5 GLT - DE - Search Brand,,injection,Negative Phrase,,,,,,,,,,,,,,,,,,,,,,,,,,,,
Add,GLP5 GLT - DE - Search Brand,,injections,Negative Phrase,,,,,,,,,,,,,,,,,,,,,,,,,,,,
Add,GLP5 GLT - DE - Search Brand,,injektion,Negative Phrase,,,,,,,,,,,,,,,,,,,,,,,,,,,,
Add,GLP5 GLT - DE - Search Brand,,spritze,Negative Phrase,,,,,,,,,,,,,,,,,,,,,,,,,,,,
Add,GLP5 GLT - DE - Search Brand,,pen,Negative Phrase,,,,,,,,,,,,,,,,,,,,,,,,,,,,
Add,GLP5 GLT - DE - Search Brand,,prescription,Negative Phrase,,,,,,,,,,,,,,,,,,,,,,,,,,,,
Add,GLP5 GLT - DE - Search Brand,,rezept,Negative Phrase,,,,,,,,,,,,,,,,,,,,,,,,,,,,
Add,GLP5 GLT - DE - Search Brand,,recept,Negative Phrase,,,,,,,,,,,,,,,,,,,,,,,,,,,,
Add,GLP5 GLT - DE - Search Brand,,ordonnance,Negative Phrase,,,,,,,,,,,,,,,,,,,,,,,,,,,,
Add,GLP5 GLT - DE - Search Brand,,gear oil,Negative Phrase,,,,,,,,,,,,,,,,,,,,,,,,,,,,
Add,GLP5 GLT - DE - Search Brand,,oil,Negative Phrase,,,,,,,,,,,,,,,,,,,,,,,,,,,,
Add,GLP5 GLT - DE - Search Brand,,öl,Negative Phrase,,,,,,,,,,,,,,,,,,,,,,,,,,,,
Add,GLP5 GLT - DE - Search Brand,,olie,Negative Phrase,,,,,,,,,,,,,,,,,,,,,,,,,,,,
Add,GLP5 GLT - DE - Search Brand,,huile,Negative Phrase,,,,,,,,,,,,,,,,,,,,,,,,,,,,
Add,GLP5 GLT - DE - Search Brand,,bosch,Negative Phrase,,,,,,,,,,,,,,,,,,,,,,,,,,,,
Add,GLP5 GLT - DE - Search Brand,,beyond,Negative Phrase,,,,,,,,,,,,,,,,,,,,,,,,,,,,
Add,GLP5 GLT - DE - Search Brand,,glp-1,Negative Phrase,,,,,,,,,,,,,,,,,,,,,,,,,,,,
Add,GLP5 GLT - DE - Search Brand,,glp 1,Negative Phrase,,,,,,,,,,,,,,,,,,,,,,,,,,,,
Add,GLP5 GLT - DE - Search Brand,,glp1,Negative Phrase,,,,,,,,,,,,,,,,,,,,,,,,,,,,
Add,GLP5 GLT - DE - Search Brand,,guidelines,Negative Phrase,,,,,,,,,,,,,,,,,,,,,,,,,,,,
Add,GLP5 GLT - DE - Search Brand,,schedule,Negative Phrase,,,,,,,,,,,,,,,,,,,,,,,,,,,,
Add,GLP5 GLT - DE - Search Brand,,laboratory,Negative Phrase,,,,,,,,,,,,,,,,,,,,,,,,,,,,
Add,GLP5 GLT - DE - Search Brand,,reddit,Negative Phrase,,,,,,,,,,,,,,,,,,,,,,,,,,,,
Add,GLP5 GLT - DE - Search Brand,,jobs,Negative Phrase,,,,,,,,,,,,,,,,,,,,,,,,,,,,
Add,GLP5 GLT - DE - Search Brand,,job,Negative Phrase,,,,,,,,,,,,,,,,,,,,,,,,,,,,
Add,GLP5 GLT - DE - Search Brand,Brand - Exact,,,,,,,,,,,,,,,,,,,,,,,,,,,,,,
Add,GLP5 GLT - DE - Search Brand,Brand - Exact,glp5 glt,Exact,,,,,,,,,,,,,,,,,,,,,,,,,,,,
Add,GLP5 GLT - DE - Search Brand,Brand - Exact,glp 5 glt,Exact,,,,,,,,,,,,,,,,,,,,,,,,,,,,
Add,GLP5 GLT - DE - Search Brand,Brand - Exact,glp5glt,Exact,,,,,,,,,,,,,,,,,,,,,,,,,,,,
Add,GLP5 GLT - DE - Search Brand,Brand - Exact,glp-5 glt,Exact,,,,,,,,,,,,,,,,,,,,,,,,,,,,
Add,GLP5 GLT - DE - Search Brand,Brand - Exact,glp5 glt kapseln,Exact,,,,,,,,,,,,,,,,,,,,,,,,,,,,
Add,GLP5 GLT - DE - Search Brand,Brand - Exact,glp5 kapseln,Exact,,,,,,,,,,,,,,,,,,,,,,,,,,,,
Add,GLP5 GLT - DE - Search Brand,Brand - Exact,,,Responsive search ad,Pending,Enabled,https://glp5-glt.store/de/,{KeyWord:GLP5 GLT Kapseln},GLP5 GLT Kapseln,GLP5 GLT online bestellen,46 % sparen im 3er-Paket,"GLP5 GLT Kapseln: Preise für 1, 2 und 3 Packungen vergleichen und sicher bestellen.","60 Tage Geld-zurück-Garantie. 3er-Paket: 46 % sparen, gratis Versand, 1,22 € pro Tag.",,,,,,,60 Tage Geld-zurück-Garantie,"Nur 1,22 € pro Tag",Gratis Versand ab 2 Packungen,Sichere Zahlung,GLP5 GLT Preise & Pakete,Eine Kapsel pro Tag,GLP5 GLT Erfahrungen,"Ab 54,90 € inkl. Versand","Nahrungsergänzung für Stoffwechsel und Appetit. Einmalzahlung, kein Abo.","GLP5 GLT Erfahrungen, Preise und wo man es kauft – alles vor der Bestellung lesen.",,
Add,GLP5 GLT - DE - Search Brand,Buy - Exact,,,,,,,,,,,,,,,,,,,,,,,,,,,,,,
Add,GLP5 GLT - DE - Search Brand,Buy - Exact,glp5 glt kaufen,Exact,,,,,,,,,,,,,,,,,,,,,,,,,,,,
Add,GLP5 GLT - DE - Search Brand,Buy - Exact,glp5 kaufen,Exact,,,,,,,,,,,,,,,,,,,,,,,,,,,,
Add,GLP5 GLT - DE - Search Brand,Buy - Exact,glp5 glt bestellen,Exact,,,,,,,,,,,,,,,,,,,,,,,,,,,,
Add,GLP5 GLT - DE - Search Brand,Buy - Exact,glp5 glt preis,Exact,,,,,,,,,,,,,,,,,,,,,,,,,,,,
Add,GLP5 GLT - DE - Search Brand,Buy - Exact,glp5 glt apotheke,Exact,,,,,,,,,,,,,,,,,,,,,,,,,,,,
Add,GLP5 GLT - DE - Search Brand,Buy - Exact,glp5 glt dm,Exact,,,,,,,,,,,,,,,,,,,,,,,,,,,,
Add,GLP5 GLT - DE - Search Brand,Buy - Exact,,,Responsive search ad,Pending,Enabled,https://glp5-glt.store/de/kaufen/,{KeyWord:GLP5 GLT Kapseln},GLP5 GLT Kapseln,GLP5 GLT online bestellen,46 % sparen im 3er-Paket,"GLP5 GLT Kapseln: Preise für 1, 2 und 3 Packungen vergleichen und sicher bestellen.","60 Tage Geld-zurück-Garantie. 3er-Paket: 46 % sparen, gratis Versand, 1,22 € pro Tag.",,,,,,,60 Tage Geld-zurück-Garantie,"Nur 1,22 € pro Tag",Gratis Versand ab 2 Packungen,Sichere Zahlung,GLP5 GLT Preise & Pakete,Eine Kapsel pro Tag,GLP5 GLT Erfahrungen,"Ab 54,90 € inkl. Versand","Nahrungsergänzung für Stoffwechsel und Appetit. Einmalzahlung, kein Abo.","GLP5 GLT Erfahrungen, Preise und wo man es kauft – alles vor der Bestellung lesen.",,
Add,GLP5 GLT - DE - Search Brand,Reviews - Exact,,,,,,,,,,,,,,,,,,,,,,,,,,,,,,
Add,GLP5 GLT - DE - Search Brand,Reviews - Exact,glp5 glt erfahrungen,Exact,,,,,,,,,,,,,,,,,,,,,,,,,,,,
Add,GLP5 GLT - DE - Search Brand,Reviews - Exact,glp5 erfahrungen,Exact,,,,,,,,,,,,,,,,,,,,,,,,,,,,
Add,GLP5 GLT - DE - Search Brand,Reviews - Exact,glp5 glt bewertungen,Exact,,,,,,,,,,,,,,,,,,,,,,,,,,,,
Add,GLP5 GLT - DE - Search Brand,Reviews - Exact,glp5 glt erfahrungsberichte,Exact,,,,,,,,,,,,,,,,,,,,,,,,,,,,
Add,GLP5 GLT - DE - Search Brand,Reviews - Exact,,,Responsive search ad,Pending,Enabled,https://glp5-glt.store/de/erfahrungen/,{KeyWord:GLP5 GLT Kapseln},GLP5 GLT Kapseln,GLP5 GLT online bestellen,46 % sparen im 3er-Paket,"GLP5 GLT Kapseln: Preise für 1, 2 und 3 Packungen vergleichen und sicher bestellen.","60 Tage Geld-zurück-Garantie. 3er-Paket: 46 % sparen, gratis Versand, 1,22 € pro Tag.",,,,,,,60 Tage Geld-zurück-Garantie,"Nur 1,22 € pro Tag",Gratis Versand ab 2 Packungen,Sichere Zahlung,GLP5 GLT Preise & Pakete,Eine Kapsel pro Tag,GLP5 GLT Erfahrungen,"Ab 54,90 € inkl. Versand","Nahrungsergänzung für Stoffwechsel und Appetit. Einmalzahlung, kein Abo.","GLP5 GLT Erfahrungen, Preise und wo man es kauft – alles vor der Bestellung lesen.",,
Add,GLP5 GLT - DE - Search Brand,Legit - Exact,,,,,,,,,,,,,,,,,,,,,,,,,,,,,,
Add,GLP5 GLT - DE - Search Brand,Legit - Exact,glp5 glt seriös,Exact,,,,,,,,,,,,,,,,,,,,,,,,,,,,
Add,GLP5 GLT - DE - Search Brand,Legit - Exact,glp5 glt betrug,Exact,,,,,,,,,,,,,,,,,,,,,,,,,,,,
Add,GLP5 GLT - DE - Search Brand,Legit - Exact,glp5 glt fake,Exact,,,,,,,,,,,,,,,,,,,,,,,,,,,,
Add,GLP5 GLT - DE - Search Brand,Legit - Exact,glp5 glt höhle der löwen,Exact,,,,,,,,,,,,,,,,,,,,,,,,,,,,
Add,GLP5 GLT - DE - Search Brand,Legit - Exact,,,Responsive search ad,Pending,Enabled,https://glp5-glt.store/de/serioes/,{KeyWord:GLP5 GLT Kapseln},GLP5 GLT Kapseln,GLP5 GLT online bestellen,46 % sparen im 3er-Paket,"GLP5 GLT Kapseln: Preise für 1, 2 und 3 Packungen vergleichen und sicher bestellen.","60 Tage Geld-zurück-Garantie. 3er-Paket: 46 % sparen, gratis Versand, 1,22 € pro Tag.",,,,,,,60 Tage Geld-zurück-Garantie,"Nur 1,22 € pro Tag",Gratis Versand ab 2 Packungen,Sichere Zahlung,GLP5 GLT Preise & Pakete,Eine Kapsel pro Tag,GLP5 GLT Erfahrungen,"Ab 54,90 € inkl. Versand","Nahrungsergänzung für Stoffwechsel und Appetit. Einmalzahlung, kein Abo.","GLP5 GLT Erfahrungen, Preise und wo man es kauft – alles vor der Bestellung lesen.",,
Add,GLP5 GLT - DE - Search Brand,Brand - Phrase,,,,,,,,,,,,,,,,,,,,,,,,,,,,,,
Add,GLP5 GLT - DE - Search Brand,Brand - Phrase,glp5 glt,Phrase,,,,,,,,,,,,,,,,,,,,,,,,,,,,
Add,GLP5 GLT - DE - Search Brand,Brand - Phrase,glp 5 glt,Phrase,,,,,,,,,,,,,,,,,,,,,,,,,,,,
Add,GLP5 GLT - DE - Search Brand,Brand - Phrase,,,Responsive search ad,Pending,Enabled,https://glp5-glt.store/de/,{KeyWord:GLP5 GLT Kapseln},GLP5 GLT Kapseln,GLP5 GLT online bestellen,46 % sparen im 3er-Paket,"GLP5 GLT Kapseln: Preise für 1, 2 und 3 Packungen vergleichen und sicher bestellen.","60 Tage Geld-zurück-Garantie. 3er-Paket: 46 % sparen, gratis Versand, 1,22 € pro Tag.",,,,,,,60 Tage Geld-zurück-Garantie,"Nur 1,22 € pro Tag",Gratis Versand ab 2 Packungen,Sichere Zahlung,GLP5 GLT Preise & Pakete,Eine Kapsel pro Tag,GLP5 GLT Erfahrungen,"Ab 54,90 € inkl. Versand","Nahrungsergänzung für Stoffwechsel und Appetit. Einmalzahlung, kein Abo.","GLP5 GLT Erfahrungen, Preise und wo man es kauft – alles vor der Bestellung lesen.",,
Add,GLP5 GLT - AT - Search Brand,,,,,,,,,,,,,,Search,Google Search,20,Daily,Maximize clicks,No,,,,,,,,,,,Austria,German
Add,GLP5 GLT - AT - Search Brand,,peptide,Negative Phrase,,,,,,,,,,,,,,,,,,,,,,,,,,,,
Add,GLP5 GLT - AT - Search Brand,,peptides,Negative Phrase,,,,,,,,,,,,,,,,,,,,,,,,,,,,
Add,GLP5 GLT - AT - Search Brand,,eli lilly,Negative Phrase,,,,,,,,,,,,,,,,,,,,,,,,,,,,
Add,GLP5 GLT - AT - Search Brand,,lilly,Negative Phrase,,,,,,,,,,,,,,,,,,,,,,,,,,,,
Add,GLP5 GLT - AT - Search Brand,,retatrutide,Negative Phrase,,,,,,,,,,,,,,,,,,,,,,,,,,,,
Add,GLP5 GLT - AT - Search Brand,,tirzepatide,Negative Phrase,,,,,,,,,,,,,,,,,,,,,,,,,,,,
Add,GLP5 GLT - AT - Search Brand,,semaglutide,Negative Phrase,,,,,,,,,,,,,,,,,,,,,,,,,,,,
Add,GLP5 GLT - AT - Search Brand,,ozempic,Negative Phrase,,,,,,,,,,,,,,,,,,,,,,,,,,,,
Add,GLP5 GLT - AT - Search Brand,,wegovy,Negative Phrase,,,,,,,,,,,,,,,,,,,,,,,,,,,,
Add,GLP5 GLT - AT - Search Brand,,mounjaro,Negative Phrase,,,,,,,,,,,,,,,,,,,,,,,,,,,,
Add,GLP5 GLT - AT - Search Brand,,injection,Negative Phrase,,,,,,,,,,,,,,,,,,,,,,,,,,,,
Add,GLP5 GLT - AT - Search Brand,,injections,Negative Phrase,,,,,,,,,,,,,,,,,,,,,,,,,,,,
Add,GLP5 GLT - AT - Search Brand,,injektion,Negative Phrase,,,,,,,,,,,,,,,,,,,,,,,,,,,,
Add,GLP5 GLT - AT - Search Brand,,spritze,Negative Phrase,,,,,,,,,,,,,,,,,,,,,,,,,,,,
Add,GLP5 GLT - AT - Search Brand,,pen,Negative Phrase,,,,,,,,,,,,,,,,,,,,,,,,,,,,
Add,GLP5 GLT - AT - Search Brand,,prescription,Negative Phrase,,,,,,,,,,,,,,,,,,,,,,,,,,,,
Add,GLP5 GLT - AT - Search Brand,,rezept,Negative Phrase,,,,,,,,,,,,,,,,,,,,,,,,,,,,
Add,GLP5 GLT - AT - Search Brand,,recept,Negative Phrase,,,,,,,,,,,,,,,,,,,,,,,,,,,,
Add,GLP5 GLT - AT - Search Brand,,ordonnance,Negative Phrase,,,,,,,,,,,,,,,,,,,,,,,,,,,,
Add,GLP5 GLT - AT - Search Brand,,gear oil,Negative Phrase,,,,,,,,,,,,,,,,,,,,,,,,,,,,
Add,GLP5 GLT - AT - Search Brand,,oil,Negative Phrase,,,,,,,,,,,,,,,,,,,,,,,,,,,,
Add,GLP5 GLT - AT - Search Brand,,öl,Negative Phrase,,,,,,,,,,,,,,,,,,,,,,,,,,,,
Add,GLP5 GLT - AT - Search Brand,,olie,Negative Phrase,,,,,,,,,,,,,,,,,,,,,,,,,,,,
Add,GLP5 GLT - AT - Search Brand,,huile,Negative Phrase,,,,,,,,,,,,,,,,,,,,,,,,,,,,
Add,GLP5 GLT - AT - Search Brand,,bosch,Negative Phrase,,,,,,,,,,,,,,,,,,,,,,,,,,,,
Add,GLP5 GLT - AT - Search Brand,,beyond,Negative Phrase,,,,,,,,,,,,,,,,,,,,,,,,,,,,
Add,GLP5 GLT - AT - Search Brand,,glp-1,Negative Phrase,,,,,,,,,,,,,,,,,,,,,,,,,,,,
Add,GLP5 GLT - AT - Search Brand,,glp 1,Negative Phrase,,,,,,,,,,,,,,,,,,,,,,,,,,,,
Add,GLP5 GLT - AT - Search Brand,,glp1,Negative Phrase,,,,,,,,,,,,,,,,,,,,,,,,,,,,
Add,GLP5 GLT - AT - Search Brand,,guidelines,Negative Phrase,,,,,,,,,,,,,,,,,,,,,,,,,,,,
Add,GLP5 GLT - AT - Search Brand,,schedule,Negative Phrase,,,,,,,,,,,,,,,,,,,,,,,,,,,,
Add,GLP5 GLT - AT - Search Brand,,laboratory,Negative Phrase,,,,,,,,,,,,,,,,,,,,,,,,,,,,
Add,GLP5 GLT - AT - Search Brand,,reddit,Negative Phrase,,,,,,,,,,,,,,,,,,,,,,,,,,,,
Add,GLP5 GLT - AT - Search Brand,,jobs,Negative Phrase,,,,,,,,,,,,,,,,,,,,,,,,,,,,
Add,GLP5 GLT - AT - Search Brand,,job,Negative Phrase,,,,,,,,,,,,,,,,,,,,,,,,,,,,
Add,GLP5 GLT - AT - Search Brand,Brand - Exact,,,,,,,,,,,,,,,,,,,,,,,,,,,,,,
Add,GLP5 GLT - AT - Search Brand,Brand - Exact,glp5 glt,Exact,,,,,,,,,,,,,,,,,,,,,,,,,,,,
Add,GLP5 GLT - AT - Search Brand,Brand - Exact,glp 5 glt,Exact,,,,,,,,,,,,,,,,,,,,,,,,,,,,
Add,GLP5 GLT - AT - Search Brand,Brand - Exact,glp5glt,Exact,,,,,,,,,,,,,,,,,,,,,,,,,,,,
Add,GLP5 GLT - AT - Search Brand,Brand - Exact,glp-5 glt,Exact,,,,,,,,,,,,,,,,,,,,,,,,,,,,
Add,GLP5 GLT - AT - Search Brand,Brand - Exact,glp5 glt kapseln,Exact,,,,,,,,,,,,,,,,,,,,,,,,,,,,
Add,GLP5 GLT - AT - Search Brand,Brand - Exact,glp5 kapseln,Exact,,,,,,,,,,,,,,,,,,,,,,,,,,,,
Add,GLP5 GLT - AT - Search Brand,Brand - Exact,,,Responsive search ad,Pending,Enabled,https://glp5-glt.store/de/,{KeyWord:GLP5 GLT Kapseln},GLP5 GLT Kapseln,GLP5 GLT online bestellen,46 % sparen im 3er-Paket,"GLP5 GLT Kapseln: Preise für 1, 2 und 3 Packungen vergleichen und sicher bestellen.","60 Tage Geld-zurück-Garantie. 3er-Paket: 46 % sparen, gratis Versand, 1,22 € pro Tag.",,,,,,,60 Tage Geld-zurück-Garantie,"Nur 1,22 € pro Tag",Gratis Versand ab 2 Packungen,Sichere Zahlung,GLP5 GLT Preise & Pakete,Eine Kapsel pro Tag,GLP5 GLT Erfahrungen,"Ab 54,90 € inkl. Versand","Nahrungsergänzung für Stoffwechsel und Appetit. Einmalzahlung, kein Abo.","GLP5 GLT Erfahrungen, Preise und wo man es kauft – alles vor der Bestellung lesen.",,
Add,GLP5 GLT - AT - Search Brand,Buy - Exact,,,,,,,,,,,,,,,,,,,,,,,,,,,,,,
Add,GLP5 GLT - AT - Search Brand,Buy - Exact,glp5 glt kaufen,Exact,,,,,,,,,,,,,,,,,,,,,,,,,,,,
Add,GLP5 GLT - AT - Search Brand,Buy - Exact,glp5 kaufen,Exact,,,,,,,,,,,,,,,,,,,,,,,,,,,,
Add,GLP5 GLT - AT - Search Brand,Buy - Exact,glp5 glt bestellen,Exact,,,,,,,,,,,,,,,,,,,,,,,,,,,,
Add,GLP5 GLT - AT - Search Brand,Buy - Exact,glp5 glt preis,Exact,,,,,,,,,,,,,,,,,,,,,,,,,,,,
Add,GLP5 GLT - AT - Search Brand,Buy - Exact,glp5 glt apotheke,Exact,,,,,,,,,,,,,,,,,,,,,,,,,,,,
Add,GLP5 GLT - AT - Search Brand,Buy - Exact,glp5 glt dm,Exact,,,,,,,,,,,,,,,,,,,,,,,,,,,,
Add,GLP5 GLT - AT - Search Brand,Buy - Exact,,,Responsive search ad,Pending,Enabled,https://glp5-glt.store/de/kaufen/,{KeyWord:GLP5 GLT Kapseln},GLP5 GLT Kapseln,GLP5 GLT online bestellen,46 % sparen im 3er-Paket,"GLP5 GLT Kapseln: Preise für 1, 2 und 3 Packungen vergleichen und sicher bestellen.","60 Tage Geld-zurück-Garantie. 3er-Paket: 46 % sparen, gratis Versand, 1,22 € pro Tag.",,,,,,,60 Tage Geld-zurück-Garantie,"Nur 1,22 € pro Tag",Gratis Versand ab 2 Packungen,Sichere Zahlung,GLP5 GLT Preise & Pakete,Eine Kapsel pro Tag,GLP5 GLT Erfahrungen,"Ab 54,90 € inkl. Versand","Nahrungsergänzung für Stoffwechsel und Appetit. Einmalzahlung, kein Abo.","GLP5 GLT Erfahrungen, Preise und wo man es kauft – alles vor der Bestellung lesen.",,
Add,GLP5 GLT - AT - Search Brand,Reviews - Exact,,,,,,,,,,,,,,,,,,,,,,,,,,,,,,
Add,GLP5 GLT - AT - Search Brand,Reviews - Exact,glp5 glt erfahrungen,Exact,,,,,,,,,,,,,,,,,,,,,,,,,,,,
Add,GLP5 GLT - AT - Search Brand,Reviews - Exact,glp5 erfahrungen,Exact,,,,,,,,,,,,,,,,,,,,,,,,,,,,
Add,GLP5 GLT - AT - Search Brand,Reviews - Exact,glp5 glt bewertungen,Exact,,,,,,,,,,,,,,,,,,,,,,,,,,,,
Add,GLP5 GLT - AT - Search Brand,Reviews - Exact,glp5 glt erfahrungsberichte,Exact,,,,,,,,,,,,,,,,,,,,,,,,,,,,
Add,GLP5 GLT - AT - Search Brand,Reviews - Exact,,,Responsive search ad,Pending,Enabled,https://glp5-glt.store/de/erfahrungen/,{KeyWord:GLP5 GLT Kapseln},GLP5 GLT Kapseln,GLP5 GLT online bestellen,46 % sparen im 3er-Paket,"GLP5 GLT Kapseln: Preise für 1, 2 und 3 Packungen vergleichen und sicher bestellen.","60 Tage Geld-zurück-Garantie. 3er-Paket: 46 % sparen, gratis Versand, 1,22 € pro Tag.",,,,,,,60 Tage Geld-zurück-Garantie,"Nur 1,22 € pro Tag",Gratis Versand ab 2 Packungen,Sichere Zahlung,GLP5 GLT Preise & Pakete,Eine Kapsel pro Tag,GLP5 GLT Erfahrungen,"Ab 54,90 € inkl. Versand","Nahrungsergänzung für Stoffwechsel und Appetit. Einmalzahlung, kein Abo.","GLP5 GLT Erfahrungen, Preise und wo man es kauft – alles vor der Bestellung lesen.",,
Add,GLP5 GLT - AT - Search Brand,Legit - Exact,,,,,,,,,,,,,,,,,,,,,,,,,,,,,,
Add,GLP5 GLT - AT - Search Brand,Legit - Exact,glp5 glt seriös,Exact,,,,,,,,,,,,,,,,,,,,,,,,,,,,
Add,GLP5 GLT - AT - Search Brand,Legit - Exact,glp5 glt betrug,Exact,,,,,,,,,,,,,,,,,,,,,,,,,,,,
Add,GLP5 GLT - AT - Search Brand,Legit - Exact,glp5 glt fake,Exact,,,,,,,,,,,,,,,,,,,,,,,,,,,,
Add,GLP5 GLT - AT - Search Brand,Legit - Exact,glp5 glt höhle der löwen,Exact,,,,,,,,,,,,,,,,,,,,,,,,,,,,
Add,GLP5 GLT - AT - Search Brand,Legit - Exact,,,Responsive search ad,Pending,Enabled,https://glp5-glt.store/de/serioes/,{KeyWord:GLP5 GLT Kapseln},GLP5 GLT Kapseln,GLP5 GLT online bestellen,46 % sparen im 3er-Paket,"GLP5 GLT Kapseln: Preise für 1, 2 und 3 Packungen vergleichen und sicher bestellen.","60 Tage Geld-zurück-Garantie. 3er-Paket: 46 % sparen, gratis Versand, 1,22 € pro Tag.",,,,,,,60 Tage Geld-zurück-Garantie,"Nur 1,22 € pro Tag",Gratis Versand ab 2 Packungen,Sichere Zahlung,GLP5 GLT Preise & Pakete,Eine Kapsel pro Tag,GLP5 GLT Erfahrungen,"Ab 54,90 € inkl. Versand","Nahrungsergänzung für Stoffwechsel und Appetit. Einmalzahlung, kein Abo.","GLP5 GLT Erfahrungen, Preise und wo man es kauft – alles vor der Bestellung lesen.",,
Add,GLP5 GLT - AT - Search Brand,Brand - Phrase,,,,,,,,,,,,,,,,,,,,,,,,,,,,,,
Add,GLP5 GLT - AT - Search Brand,Brand - Phrase,glp5 glt,Phrase,,,,,,,,,,,,,,,,,,,,,,,,,,,,
Add,GLP5 GLT - AT - Search Brand,Brand - Phrase,glp 5 glt,Phrase,,,,,,,,,,,,,,,,,,,,,,,,,,,,
Add,GLP5 GLT - AT - Search Brand,Brand - Phrase,,,Responsive search ad,Pending,Enabled,https://glp5-glt.store/de/,{KeyWord:GLP5 GLT Kapseln},GLP5 GLT Kapseln,GLP5 GLT online bestellen,46 % sparen im 3er-Paket,"GLP5 GLT Kapseln: Preise für 1, 2 und 3 Packungen vergleichen und sicher bestellen.","60 Tage Geld-zurück-Garantie. 3er-Paket: 46 % sparen, gratis Versand, 1,22 € pro Tag.",,,,,,,60 Tage Geld-zurück-Garantie,"Nur 1,22 € pro Tag",Gratis Versand ab 2 Packungen,Sichere Zahlung,GLP5 GLT Preise & Pakete,Eine Kapsel pro Tag,GLP5 GLT Erfahrungen,"Ab 54,90 € inkl. Versand","Nahrungsergänzung für Stoffwechsel und Appetit. Einmalzahlung, kein Abo.","GLP5 GLT Erfahrungen, Preise und wo man es kauft – alles vor der Bestellung lesen.",,
Add,GLP5 GLT - CH - Search Brand,,,,,,,,,,,,,,Search,Google Search,25,Daily,Maximize clicks,No,,,,,,,,,,,Switzerland,German
Add,GLP5 GLT - CH - Search Brand,,peptide,Negative Phrase,,,,,,,,,,,,,,,,,,,,,,,,,,,,
Add,GLP5 GLT - CH - Search Brand,,peptides,Negative Phrase,,,,,,,,,,,,,,,,,,,,,,,,,,,,
Add,GLP5 GLT - CH - Search Brand,,eli lilly,Negative Phrase,,,,,,,,,,,,,,,,,,,,,,,,,,,,
Add,GLP5 GLT - CH - Search Brand,,lilly,Negative Phrase,,,,,,,,,,,,,,,,,,,,,,,,,,,,
Add,GLP5 GLT - CH - Search Brand,,retatrutide,Negative Phrase,,,,,,,,,,,,,,,,,,,,,,,,,,,,
Add,GLP5 GLT - CH - Search Brand,,tirzepatide,Negative Phrase,,,,,,,,,,,,,,,,,,,,,,,,,,,,
Add,GLP5 GLT - CH - Search Brand,,semaglutide,Negative Phrase,,,,,,,,,,,,,,,,,,,,,,,,,,,,
Add,GLP5 GLT - CH - Search Brand,,ozempic,Negative Phrase,,,,,,,,,,,,,,,,,,,,,,,,,,,,
Add,GLP5 GLT - CH - Search Brand,,wegovy,Negative Phrase,,,,,,,,,,,,,,,,,,,,,,,,,,,,
Add,GLP5 GLT - CH - Search Brand,,mounjaro,Negative Phrase,,,,,,,,,,,,,,,,,,,,,,,,,,,,
Add,GLP5 GLT - CH - Search Brand,,injection,Negative Phrase,,,,,,,,,,,,,,,,,,,,,,,,,,,,
Add,GLP5 GLT - CH - Search Brand,,injections,Negative Phrase,,,,,,,,,,,,,,,,,,,,,,,,,,,,
Add,GLP5 GLT - CH - Search Brand,,injektion,Negative Phrase,,,,,,,,,,,,,,,,,,,,,,,,,,,,
Add,GLP5 GLT - CH - Search Brand,,spritze,Negative Phrase,,,,,,,,,,,,,,,,,,,,,,,,,,,,
Add,GLP5 GLT - CH - Search Brand,,pen,Negative Phrase,,,,,,,,,,,,,,,,,,,,,,,,,,,,
Add,GLP5 GLT - CH - Search Brand,,prescription,Negative Phrase,,,,,,,,,,,,,,,,,,,,,,,,,,,,
Add,GLP5 GLT - CH - Search Brand,,rezept,Negative Phrase,,,,,,,,,,,,,,,,,,,,,,,,,,,,
Add,GLP5 GLT - CH - Search Brand,,recept,Negative Phrase,,,,,,,,,,,,,,,,,,,,,,,,,,,,
Add,GLP5 GLT - CH - Search Brand,,ordonnance,Negative Phrase,,,,,,,,,,,,,,,,,,,,,,,,,,,,
Add,GLP5 GLT - CH - Search Brand,,gear oil,Negative Phrase,,,,,,,,,,,,,,,,,,,,,,,,,,,,
Add,GLP5 GLT - CH - Search Brand,,oil,Negative Phrase,,,,,,,,,,,,,,,,,,,,,,,,,,,,
Add,GLP5 GLT - CH - Search Brand,,öl,Negative Phrase,,,,,,,,,,,,,,,,,,,,,,,,,,,,
Add,GLP5 GLT - CH - Search Brand,,olie,Negative Phrase,,,,,,,,,,,,,,,,,,,,,,,,,,,,
Add,GLP5 GLT - CH - Search Brand,,huile,Negative Phrase,,,,,,,,,,,,,,,,,,,,,,,,,,,,
Add,GLP5 GLT - CH - Search Brand,,bosch,Negative Phrase,,,,,,,,,,,,,,,,,,,,,,,,,,,,
Add,GLP5 GLT - CH - Search Brand,,beyond,Negative Phrase,,,,,,,,,,,,,,,,,,,,,,,,,,,,
Add,GLP5 GLT - CH - Search Brand,,glp-1,Negative Phrase,,,,,,,,,,,,,,,,,,,,,,,,,,,,
Add,GLP5 GLT - CH - Search Brand,,glp 1,Negative Phrase,,,,,,,,,,,,,,,,,,,,,,,,,,,,
Add,GLP5 GLT - CH - Search Brand,,glp1,Negative Phrase,,,,,,,,,,,,,,,,,,,,,,,,,,,,
Add,GLP5 GLT - CH - Search Brand,,guidelines,Negative Phrase,,,,,,,,,,,,,,,,,,,,,,,,,,,,
Add,GLP5 GLT - CH - Search Brand,,schedule,Negative Phrase,,,,,,,,,,,,,,,,,,,,,,,,,,,,
Add,GLP5 GLT - CH - Search Brand,,laboratory,Negative Phrase,,,,,,,,,,,,,,,,,,,,,,,,,,,,
Add,GLP5 GLT - CH - Search Brand,,reddit,Negative Phrase,,,,,,,,,,,,,,,,,,,,,,,,,,,,
Add,GLP5 GLT - CH - Search Brand,,jobs,Negative Phrase,,,,,,,,,,,,,,,,,,,,,,,,,,,,
Add,GLP5 GLT - CH - Search Brand,,job,Negative Phrase,,,,,,,,,,,,,,,,,,,,,,,,,,,,
Add,GLP5 GLT - CH - Search Brand,Brand - Exact,,,,,,,,,,,,,,,,,,,,,,,,,,,,,,
Add,GLP5 GLT - CH - Search Brand,Brand - Exact,glp5 glt,Exact,,,,,,,,,,,,,,,,,,,,,,,,,,,,
Add,GLP5 GLT - CH - Search Brand,Brand - Exact,glp 5 glt,Exact,,,,,,,,,,,,,,,,,,,,,,,,,,,,
Add,GLP5 GLT - CH - Search Brand,Brand - Exact,glp5glt,Exact,,,,,,,,,,,,,,,,,,,,,,,,,,,,
Add,GLP5 GLT - CH - Search Brand,Brand - Exact,glp-5 glt,Exact,,,,,,,,,,,,,,,,,,,,,,,,,,,,
Add,GLP5 GLT - CH - Search Brand,Brand - Exact,glp5 glt kapseln,Exact,,,,,,,,,,,,,,,,,,,,,,,,,,,,
Add,GLP5 GLT - CH - Search Brand,Brand - Exact,glp5 kapseln,Exact,,,,,,,,,,,,,,,,,,,,,,,,,,,,
Add,GLP5 GLT - CH - Search Brand,Brand - Exact,,,Responsive search ad,Pending,Enabled,https://glp5-glt.store/ch/,{KeyWord:GLP5 GLT Kapseln},GLP5 GLT Schweiz,GLP5 GLT online bestellen,46 % sparen im 3er-Paket,"GLP5 GLT Kapseln in der Schweiz: Preise für 1, 2 und 3 Packungen in CHF vergleichen.","60 Tage Geld-zurück-Garantie. 3er-Paket: 46 % sparen, gratis Versand, CHF 1.50 pro Tag.",,,,,,,60 Tage Geld-zurück-Garantie,Nur CHF 1.50 pro Tag,Gratis Versand ab 2 Packungen,Sichere Zahlung,GLP5 GLT Preise in CHF,Eine Kapsel pro Tag,GLP5 GLT Erfahrungen,Ab CHF 79.75 inkl. Versand,"Nahrungsergänzung für Stoffwechsel und Appetit. Einmalzahlung, kein Abo.","GLP5 GLT Erfahrungen, Preise und wo man es kauft – alles vor der Bestellung lesen.",,
Add,GLP5 GLT - CH - Search Brand,Buy - Exact,,,,,,,,,,,,,,,,,,,,,,,,,,,,,,
Add,GLP5 GLT - CH - Search Brand,Buy - Exact,glp5 glt kaufen,Exact,,,,,,,,,,,,,,,,,,,,,,,,,,,,
Add,GLP5 GLT - CH - Search Brand,Buy - Exact,glp5 kaufen,Exact,,,,,,,,,,,,,,,,,,,,,,,,,,,,
Add,GLP5 GLT - CH - Search Brand,Buy - Exact,glp5 glt bestellen,Exact,,,,,,,,,,,,,,,,,,,,,,,,,,,,
Add,GLP5 GLT - CH - Search Brand,Buy - Exact,glp5 glt preis,Exact,,,,,,,,,,,,,,,,,,,,,,,,,,,,
Add,GLP5 GLT - CH - Search Brand,Buy - Exact,glp5 glt apotheke,Exact,,,,,,,,,,,,,,,,,,,,,,,,,,,,
Add,GLP5 GLT - CH - Search Brand,Buy - Exact,glp5 glt dm,Exact,,,,,,,,,,,,,,,,,,,,,,,,,,,,
Add,GLP5 GLT - CH - Search Brand,Buy - Exact,,,Responsive search ad,Pending,Enabled,https://glp5-glt.store/ch/kaufen/,{KeyWord:GLP5 GLT Kapseln},GLP5 GLT Schweiz,GLP5 GLT online bestellen,46 % sparen im 3er-Paket,"GLP5 GLT Kapseln in der Schweiz: Preise für 1, 2 und 3 Packungen in CHF vergleichen.","60 Tage Geld-zurück-Garantie. 3er-Paket: 46 % sparen, gratis Versand, CHF 1.50 pro Tag.",,,,,,,60 Tage Geld-zurück-Garantie,Nur CHF 1.50 pro Tag,Gratis Versand ab 2 Packungen,Sichere Zahlung,GLP5 GLT Preise in CHF,Eine Kapsel pro Tag,GLP5 GLT Erfahrungen,Ab CHF 79.75 inkl. Versand,"Nahrungsergänzung für Stoffwechsel und Appetit. Einmalzahlung, kein Abo.","GLP5 GLT Erfahrungen, Preise und wo man es kauft – alles vor der Bestellung lesen.",,
Add,GLP5 GLT - CH - Search Brand,Reviews - Exact,,,,,,,,,,,,,,,,,,,,,,,,,,,,,,
Add,GLP5 GLT - CH - Search Brand,Reviews - Exact,glp5 glt erfahrungen,Exact,,,,,,,,,,,,,,,,,,,,,,,,,,,,
Add,GLP5 GLT - CH - Search Brand,Reviews - Exact,glp5 erfahrungen,Exact,,,,,,,,,,,,,,,,,,,,,,,,,,,,
Add,GLP5 GLT - CH - Search Brand,Reviews - Exact,glp5 glt bewertungen,Exact,,,,,,,,,,,,,,,,,,,,,,,,,,,,
Add,GLP5 GLT - CH - Search Brand,Reviews - Exact,glp5 glt erfahrungsberichte,Exact,,,,,,,,,,,,,,,,,,,,,,,,,,,,
Add,GLP5 GLT - CH - Search Brand,Reviews - Exact,,,Responsive search ad,Pending,Enabled,https://glp5-glt.store/ch/erfahrungen/,{KeyWord:GLP5 GLT Kapseln},GLP5 GLT Schweiz,GLP5 GLT online bestellen,46 % sparen im 3er-Paket,"GLP5 GLT Kapseln in der Schweiz: Preise für 1, 2 und 3 Packungen in CHF vergleichen.","60 Tage Geld-zurück-Garantie. 3er-Paket: 46 % sparen, gratis Versand, CHF 1.50 pro Tag.",,,,,,,60 Tage Geld-zurück-Garantie,Nur CHF 1.50 pro Tag,Gratis Versand ab 2 Packungen,Sichere Zahlung,GLP5 GLT Preise in CHF,Eine Kapsel pro Tag,GLP5 GLT Erfahrungen,Ab CHF 79.75 inkl. Versand,"Nahrungsergänzung für Stoffwechsel und Appetit. Einmalzahlung, kein Abo.","GLP5 GLT Erfahrungen, Preise und wo man es kauft – alles vor der Bestellung lesen.",,
Add,GLP5 GLT - CH - Search Brand,Legit - Exact,,,,,,,,,,,,,,,,,,,,,,,,,,,,,,
Add,GLP5 GLT - CH - Search Brand,Legit - Exact,glp5 glt seriös,Exact,,,,,,,,,,,,,,,,,,,,,,,,,,,,
Add,GLP5 GLT - CH - Search Brand,Legit - Exact,glp5 glt betrug,Exact,,,,,,,,,,,,,,,,,,,,,,,,,,,,
Add,GLP5 GLT - CH - Search Brand,Legit - Exact,glp5 glt fake,Exact,,,,,,,,,,,,,,,,,,,,,,,,,,,,
Add,GLP5 GLT - CH - Search Brand,Legit - Exact,glp5 glt höhle der löwen,Exact,,,,,,,,,,,,,,,,,,,,,,,,,,,,
Add,GLP5 GLT - CH - Search Brand,Legit - Exact,,,Responsive search ad,Pending,Enabled,https://glp5-glt.store/ch/serioes/,{KeyWord:GLP5 GLT Kapseln},GLP5 GLT Schweiz,GLP5 GLT online bestellen,46 % sparen im 3er-Paket,"GLP5 GLT Kapseln in der Schweiz: Preise für 1, 2 und 3 Packungen in CHF vergleichen.","60 Tage Geld-zurück-Garantie. 3er-Paket: 46 % sparen, gratis Versand, CHF 1.50 pro Tag.",,,,,,,60 Tage Geld-zurück-Garantie,Nur CHF 1.50 pro Tag,Gratis Versand ab 2 Packungen,Sichere Zahlung,GLP5 GLT Preise in CHF,Eine Kapsel pro Tag,GLP5 GLT Erfahrungen,Ab CHF 79.75 inkl. Versand,"Nahrungsergänzung für Stoffwechsel und Appetit. Einmalzahlung, kein Abo.","GLP5 GLT Erfahrungen, Preise und wo man es kauft – alles vor der Bestellung lesen.",,
Add,GLP5 GLT - CH - Search Brand,Brand - Phrase,,,,,,,,,,,,,,,,,,,,,,,,,,,,,,
Add,GLP5 GLT - CH - Search Brand,Brand - Phrase,glp5 glt,Phrase,,,,,,,,,,,,,,,,,,,,,,,,,,,,
Add,GLP5 GLT - CH - Search Brand,Brand - Phrase,glp 5 glt,Phrase,,,,,,,,,,,,,,,,,,,,,,,,,,,,
Add,GLP5 GLT - CH - Search Brand,Brand - Phrase,,,Responsive search ad,Pending,Enabled,https://glp5-glt.store/ch/,{KeyWord:GLP5 GLT Kapseln},GLP5 GLT Schweiz,GLP5 GLT online bestellen,46 % sparen im 3er-Paket,"GLP5 GLT Kapseln in der Schweiz: Preise für 1, 2 und 3 Packungen in CHF vergleichen.","60 Tage Geld-zurück-Garantie. 3er-Paket: 46 % sparen, gratis Versand, CHF 1.50 pro Tag.",,,,,,,60 Tage Geld-zurück-Garantie,Nur CHF 1.50 pro Tag,Gratis Versand ab 2 Packungen,Sichere Zahlung,GLP5 GLT Preise in CHF,Eine Kapsel pro Tag,GLP5 GLT Erfahrungen,Ab CHF 79.75 inkl. Versand,"Nahrungsergänzung für Stoffwechsel und Appetit. Einmalzahlung, kein Abo.","GLP5 GLT Erfahrungen, Preise und wo man es kauft – alles vor der Bestellung lesen.",,
Add,GLP5 GLT - NL - Search Brand,,,,,,,,,,,,,,Search,Google Search,30,Daily,Maximize clicks,No,,,,,,,,,,,Netherlands,Dutch
Add,GLP5 GLT - NL - Search Brand,,peptide,Negative Phrase,,,,,,,,,,,,,,,,,,,,,,,,,,,,
Add,GLP5 GLT - NL - Search Brand,,peptides,Negative Phrase,,,,,,,,,,,,,,,,,,,,,,,,,,,,
Add,GLP5 GLT - NL - Search Brand,,eli lilly,Negative Phrase,,,,,,,,,,,,,,,,,,,,,,,,,,,,
Add,GLP5 GLT - NL - Search Brand,,lilly,Negative Phrase,,,,,,,,,,,,,,,,,,,,,,,,,,,,
Add,GLP5 GLT - NL - Search Brand,,retatrutide,Negative Phrase,,,,,,,,,,,,,,,,,,,,,,,,,,,,
Add,GLP5 GLT - NL - Search Brand,,tirzepatide,Negative Phrase,,,,,,,,,,,,,,,,,,,,,,,,,,,,
Add,GLP5 GLT - NL - Search Brand,,semaglutide,Negative Phrase,,,,,,,,,,,,,,,,,,,,,,,,,,,,
Add,GLP5 GLT - NL - Search Brand,,ozempic,Negative Phrase,,,,,,,,,,,,,,,,,,,,,,,,,,,,
Add,GLP5 GLT - NL - Search Brand,,wegovy,Negative Phrase,,,,,,,,,,,,,,,,,,,,,,,,,,,,
Add,GLP5 GLT - NL - Search Brand,,mounjaro,Negative Phrase,,,,,,,,,,,,,,,,,,,,,,,,,,,,
Add,GLP5 GLT - NL - Search Brand,,injection,Negative Phrase,,,,,,,,,,,,,,,,,,,,,,,,,,,,
Add,GLP5 GLT - NL - Search Brand,,injections,Negative Phrase,,,,,,,,,,,,,,,,,,,,,,,,,,,,
Add,GLP5 GLT - NL - Search Brand,,injektion,Negative Phrase,,,,,,,,,,,,,,,,,,,,,,,,,,,,
Add,GLP5 GLT - NL - Search Brand,,spritze,Negative Phrase,,,,,,,,,,,,,,,,,,,,,,,,,,,,
Add,GLP5 GLT - NL - Search Brand,,pen,Negative Phrase,,,,,,,,,,,,,,,,,,,,,,,,,,,,
Add,GLP5 GLT - NL - Search Brand,,prescription,Negative Phrase,,,,,,,,,,,,,,,,,,,,,,,,,,,,
Add,GLP5 GLT - NL - Search Brand,,rezept,Negative Phrase,,,,,,,,,,,,,,,,,,,,,,,,,,,,
Add,GLP5 GLT - NL - Search Brand,,recept,Negative Phrase,,,,,,,,,,,,,,,,,,,,,,,,,,,,
Add,GLP5 GLT - NL - Search Brand,,ordonnance,Negative Phrase,,,,,,,,,,,,,,,,,,,,,,,,,,,,
Add,GLP5 GLT - NL - Search Brand,,gear oil,Negative Phrase,,,,,,,,,,,,,,,,,,,,,,,,,,,,
Add,GLP5 GLT - NL - Search Brand,,oil,Negative Phrase,,,,,,,,,,,,,,,,,,,,,,,,,,,,
Add,GLP5 GLT - NL - Search Brand,,öl,Negative Phrase,,,,,,,,,,,,,,,,,,,,,,,,,,,,
Add,GLP5 GLT - NL - Search Brand,,olie,Negative Phrase,,,,,,,,,,,,,,,,,,,,,,,,,,,,
Add,GLP5 GLT - NL - Search Brand,,huile,Negative Phrase,,,,,,,,,,,,,,,,,,,,,,,,,,,,
Add,GLP5 GLT - NL - Search Brand,,bosch,Negative Phrase,,,,,,,,,,,,,,,,,,,,,,,,,,,,
Add,GLP5 GLT - NL - Search Brand,,beyond,Negative Phrase,,,,,,,,,,,,,,,,,,,,,,,,,,,,
Add,GLP5 GLT - NL - Search Brand,,glp-1,Negative Phrase,,,,,,,,,,,,,,,,,,,,,,,,,,,,
Add,GLP5 GLT - NL - Search Brand,,glp 1,Negative Phrase,,,,,,,,,,,,,,,,,,,,,,,,,,,,
Add,GLP5 GLT - NL - Search Brand,,glp1,Negative Phrase,,,,,,,,,,,,,,,,,,,,,,,,,,,,
Add,GLP5 GLT - NL - Search Brand,,guidelines,Negative Phrase,,,,,,,,,,,,,,,,,,,,,,,,,,,,
Add,GLP5 GLT - NL - Search Brand,,schedule,Negative Phrase,,,,,,,,,,,,,,,,,,,,,,,,,,,,
Add,GLP5 GLT - NL - Search Brand,,laboratory,Negative Phrase,,,,,,,,,,,,,,,,,,,,,,,,,,,,
Add,GLP5 GLT - NL - Search Brand,,reddit,Negative Phrase,,,,,,,,,,,,,,,,,,,,,,,,,,,,
Add,GLP5 GLT - NL - Search Brand,,jobs,Negative Phrase,,,,,,,,,,,,,,,,,,,,,,,,,,,,
Add,GLP5 GLT - NL - Search Brand,,job,Negative Phrase,,,,,,,,,,,,,,,,,,,,,,,,,,,,
Add,GLP5 GLT - NL - Search Brand,Brand - Exact,,,,,,,,,,,,,,,,,,,,,,,,,,,,,,
Add,GLP5 GLT - NL - Search Brand,Brand - Exact,glp5 glt,Exact,,,,,,,,,,,,,,,,,,,,,,,,,,,,
Add,GLP5 GLT - NL - Search Brand,Brand - Exact,glp 5 glt,Exact,,,,,,,,,,,,,,,,,,,,,,,,,,,,
Add,GLP5 GLT - NL - Search Brand,Brand - Exact,glp5glt,Exact,,,,,,,,,,,,,,,,,,,,,,,,,,,,
Add,GLP5 GLT - NL - Search Brand,Brand - Exact,glp-5 glt,Exact,,,,,,,,,,,,,,,,,,,,,,,,,,,,
Add,GLP5 GLT - NL - Search Brand,Brand - Exact,glp5 glt capsules,Exact,,,,,,,,,,,,,,,,,,,,,,,,,,,,
Add,GLP5 GLT - NL - Search Brand,Brand - Exact,glp5 capsules,Exact,,,,,,,,,,,,,,,,,,,,,,,,,,,,
Add,GLP5 GLT - NL - Search Brand,Brand - Exact,,,Responsive search ad,Pending,Enabled,https://glp5-glt.store/nl/,{KeyWord:GLP5 GLT Capsules},GLP5 GLT Capsules,GLP5 GLT online bestellen,Bespaar 46% op het 3-pakket,"GLP5 GLT capsules: vergelijk de prijzen van 1, 2 en 3 verpakkingen en bestel veilig.","60 dagen geld-terug-garantie. 3-pakket: bespaar 46%, gratis verzending, € 1,22 per dag.",,,,,,,60 dagen geld-terug-garantie,"Slechts € 1,22 per dag",Gratis verzending vanaf 2,Veilig betalen,GLP5 GLT prijzen & pakketten,Eén capsule per dag,GLP5 GLT ervaringen,"Vanaf € 54,90 incl. verzending","Supplement voor stofwisseling en eetlust. Eenmalige betaling, geen abonnement.","Lees GLP5 GLT ervaringen, prijzen en waar je het koopt voordat je bestelt.",,
Add,GLP5 GLT - NL - Search Brand,Buy - Exact,,,,,,,,,,,,,,,,,,,,,,,,,,,,,,
Add,GLP5 GLT - NL - Search Brand,Buy - Exact,glp5 glt kopen,Exact,,,,,,,,,,,,,,,,,,,,,,,,,,,,
Add,GLP5 GLT - NL - Search Brand,Buy - Exact,glp5 kopen,Exact,,,,,,,,,,,,,,,,,,,,,,,,,,,,
Add,GLP5 GLT - NL - Search Brand,Buy - Exact,glp5 glt bestellen,Exact,,,,,,,,,,,,,,,,,,,,,,,,,,,,
Add,GLP5 GLT - NL - Search Brand,Buy - Exact,glp5 glt prijs,Exact,,,,,,,,,,,,,,,,,,,,,,,,,,,,
Add,GLP5 GLT - NL - Search Brand,Buy - Exact,glp5 glt kruidvat,Exact,,,,,,,,,,,,,,,,,,,,,,,,,,,,
Add,GLP5 GLT - NL - Search Brand,Buy - Exact,glp5 glt etos,Exact,,,,,,,,,,,,,,,,,,,,,,,,,,,,
Add,GLP5 GLT - NL - Search Brand,Buy - Exact,,,Responsive search ad,Pending,Enabled,https://glp5-glt.store/nl/kopen/,{KeyWord:GLP5 GLT Capsules},GLP5 GLT Capsules,GLP5 GLT online bestellen,Bespaar 46% op het 3-pakket,"GLP5 GLT capsules: vergelijk de prijzen van 1, 2 en 3 verpakkingen en bestel veilig.","60 dagen geld-terug-garantie. 3-pakket: bespaar 46%, gratis verzending, € 1,22 per dag.",,,,,,,60 dagen geld-terug-garantie,"Slechts € 1,22 per dag",Gratis verzending vanaf 2,Veilig betalen,GLP5 GLT prijzen & pakketten,Eén capsule per dag,GLP5 GLT ervaringen,"Vanaf € 54,90 incl. verzending","Supplement voor stofwisseling en eetlust. Eenmalige betaling, geen abonnement.","Lees GLP5 GLT ervaringen, prijzen en waar je het koopt voordat je bestelt.",,
Add,GLP5 GLT - NL - Search Brand,Reviews - Exact,,,,,,,,,,,,,,,,,,,,,,,,,,,,,,
Add,GLP5 GLT - NL - Search Brand,Reviews - Exact,glp5 glt ervaringen,Exact,,,,,,,,,,,,,,,,,,,,,,,,,,,,
Add,GLP5 GLT - NL - Search Brand,Reviews - Exact,glp5 ervaringen,Exact,,,,,,,,,,,,,,,,,,,,,,,,,,,,
Add,GLP5 GLT - NL - Search Brand,Reviews - Exact,glp5 glt reviews,Exact,,,,,,,,,,,,,,,,,,,,,,,,,,,,
Add,GLP5 GLT - NL - Search Brand,Reviews - Exact,glp5 glt review,Exact,,,,,,,,,,,,,,,,,,,,,,,,,,,,
Add,GLP5 GLT - NL - Search Brand,Reviews - Exact,,,Responsive search ad,Pending,Enabled,https://glp5-glt.store/nl/ervaringen/,{KeyWord:GLP5 GLT Capsules},GLP5 GLT Capsules,GLP5 GLT online bestellen,Bespaar 46% op het 3-pakket,"GLP5 GLT capsules: vergelijk de prijzen van 1, 2 en 3 verpakkingen en bestel veilig.","60 dagen geld-terug-garantie. 3-pakket: bespaar 46%, gratis verzending, € 1,22 per dag.",,,,,,,60 dagen geld-terug-garantie,"Slechts € 1,22 per dag",Gratis verzending vanaf 2,Veilig betalen,GLP5 GLT prijzen & pakketten,Eén capsule per dag,GLP5 GLT ervaringen,"Vanaf € 54,90 incl. verzending","Supplement voor stofwisseling en eetlust. Eenmalige betaling, geen abonnement.","Lees GLP5 GLT ervaringen, prijzen en waar je het koopt voordat je bestelt.",,
Add,GLP5 GLT - NL - Search Brand,Legit - Exact,,,,,,,,,,,,,,,,,,,,,,,,,,,,,,
Add,GLP5 GLT - NL - Search Brand,Legit - Exact,glp5 glt betrouwbaar,Exact,,,,,,,,,,,,,,,,,,,,,,,,,,,,
Add,GLP5 GLT - NL - Search Brand,Legit - Exact,glp5 glt oplichting,Exact,,,,,,,,,,,,,,,,,,,,,,,,,,,,
Add,GLP5 GLT - NL - Search Brand,Legit - Exact,glp5 glt nep,Exact,,,,,,,,,,,,,,,,,,,,,,,,,,,,
Add,GLP5 GLT - NL - Search Brand,Legit - Exact,glp5 glt dragons den,Exact,,,,,,,,,,,,,,,,,,,,,,,,,,,,
Add,GLP5 GLT - NL - Search Brand,Legit - Exact,,,Responsive search ad,Pending,Enabled,https://glp5-glt.store/nl/betrouwbaar/,{KeyWord:GLP5 GLT Capsules},GLP5 GLT Capsules,GLP5 GLT online bestellen,Bespaar 46% op het 3-pakket,"GLP5 GLT capsules: vergelijk de prijzen van 1, 2 en 3 verpakkingen en bestel veilig.","60 dagen geld-terug-garantie. 3-pakket: bespaar 46%, gratis verzending, € 1,22 per dag.",,,,,,,60 dagen geld-terug-garantie,"Slechts € 1,22 per dag",Gratis verzending vanaf 2,Veilig betalen,GLP5 GLT prijzen & pakketten,Eén capsule per dag,GLP5 GLT ervaringen,"Vanaf € 54,90 incl. verzending","Supplement voor stofwisseling en eetlust. Eenmalige betaling, geen abonnement.","Lees GLP5 GLT ervaringen, prijzen en waar je het koopt voordat je bestelt.",,
Add,GLP5 GLT - NL - Search Brand,Brand - Phrase,,,,,,,,,,,,,,,,,,,,,,,,,,,,,,
Add,GLP5 GLT - NL - Search Brand,Brand - Phrase,glp5 glt,Phrase,,,,,,,,,,,,,,,,,,,,,,,,,,,,
Add,GLP5 GLT - NL - Search Brand,Brand - Phrase,glp 5 glt,Phrase,,,,,,,,,,,,,,,,,,,,,,,,,,,,
Add,GLP5 GLT - NL - Search Brand,Brand - Phrase,,,Responsive search ad,Pending,Enabled,https://glp5-glt.store/nl/,{KeyWord:GLP5 GLT Capsules},GLP5 GLT Capsules,GLP5 GLT online bestellen,Bespaar 46% op het 3-pakket,"GLP5 GLT capsules: vergelijk de prijzen van 1, 2 en 3 verpakkingen en bestel veilig.","60 dagen geld-terug-garantie. 3-pakket: bespaar 46%, gratis verzending, € 1,22 per dag.",,,,,,,60 dagen geld-terug-garantie,"Slechts € 1,22 per dag",Gratis verzending vanaf 2,Veilig betalen,GLP5 GLT prijzen & pakketten,Eén capsule per dag,GLP5 GLT ervaringen,"Vanaf € 54,90 incl. verzending","Supplement voor stofwisseling en eetlust. Eenmalige betaling, geen abonnement.","Lees GLP5 GLT ervaringen, prijzen en waar je het koopt voordat je bestelt.",,
Add,GLP5 GLT - BE - Search Brand,,,,,,,,,,,,,,Search,Google Search,15,Daily,Maximize clicks,No,,,,,,,,,,,Belgium,Dutch
Add,GLP5 GLT - BE - Search Brand,,peptide,Negative Phrase,,,,,,,,,,,,,,,,,,,,,,,,,,,,
Add,GLP5 GLT - BE - Search Brand,,peptides,Negative Phrase,,,,,,,,,,,,,,,,,,,,,,,,,,,,
Add,GLP5 GLT - BE - Search Brand,,eli lilly,Negative Phrase,,,,,,,,,,,,,,,,,,,,,,,,,,,,
Add,GLP5 GLT - BE - Search Brand,,lilly,Negative Phrase,,,,,,,,,,,,,,,,,,,,,,,,,,,,
Add,GLP5 GLT - BE - Search Brand,,retatrutide,Negative Phrase,,,,,,,,,,,,,,,,,,,,,,,,,,,,
Add,GLP5 GLT - BE - Search Brand,,tirzepatide,Negative Phrase,,,,,,,,,,,,,,,,,,,,,,,,,,,,
Add,GLP5 GLT - BE - Search Brand,,semaglutide,Negative Phrase,,,,,,,,,,,,,,,,,,,,,,,,,,,,
Add,GLP5 GLT - BE - Search Brand,,ozempic,Negative Phrase,,,,,,,,,,,,,,,,,,,,,,,,,,,,
Add,GLP5 GLT - BE - Search Brand,,wegovy,Negative Phrase,,,,,,,,,,,,,,,,,,,,,,,,,,,,
Add,GLP5 GLT - BE - Search Brand,,mounjaro,Negative Phrase,,,,,,,,,,,,,,,,,,,,,,,,,,,,
Add,GLP5 GLT - BE - Search Brand,,injection,Negative Phrase,,,,,,,,,,,,,,,,,,,,,,,,,,,,
Add,GLP5 GLT - BE - Search Brand,,injections,Negative Phrase,,,,,,,,,,,,,,,,,,,,,,,,,,,,
Add,GLP5 GLT - BE - Search Brand,,injektion,Negative Phrase,,,,,,,,,,,,,,,,,,,,,,,,,,,,
Add,GLP5 GLT - BE - Search Brand,,spritze,Negative Phrase,,,,,,,,,,,,,,,,,,,,,,,,,,,,
Add,GLP5 GLT - BE - Search Brand,,pen,Negative Phrase,,,,,,,,,,,,,,,,,,,,,,,,,,,,
Add,GLP5 GLT - BE - Search Brand,,prescription,Negative Phrase,,,,,,,,,,,,,,,,,,,,,,,,,,,,
Add,GLP5 GLT - BE - Search Brand,,rezept,Negative Phrase,,,,,,,,,,,,,,,,,,,,,,,,,,,,
Add,GLP5 GLT - BE - Search Brand,,recept,Negative Phrase,,,,,,,,,,,,,,,,,,,,,,,,,,,,
Add,GLP5 GLT - BE - Search Brand,,ordonnance,Negative Phrase,,,,,,,,,,,,,,,,,,,,,,,,,,,,
Add,GLP5 GLT - BE - Search Brand,,gear oil,Negative Phrase,,,,,,,,,,,,,,,,,,,,,,,,,,,,
Add,GLP5 GLT - BE - Search Brand,,oil,Negative Phrase,,,,,,,,,,,,,,,,,,,,,,,,,,,,
Add,GLP5 GLT - BE - Search Brand,,öl,Negative Phrase,,,,,,,,,,,,,,,,,,,,,,,,,,,,
Add,GLP5 GLT - BE - Search Brand,,olie,Negative Phrase,,,,,,,,,,,,,,,,,,,,,,,,,,,,
Add,GLP5 GLT - BE - Search Brand,,huile,Negative Phrase,,,,,,,,,,,,,,,,,,,,,,,,,,,,
Add,GLP5 GLT - BE - Search Brand,,bosch,Negative Phrase,,,,,,,,,,,,,,,,,,,,,,,,,,,,
Add,GLP5 GLT - BE - Search Brand,,beyond,Negative Phrase,,,,,,,,,,,,,,,,,,,,,,,,,,,,
Add,GLP5 GLT - BE - Search Brand,,glp-1,Negative Phrase,,,,,,,,,,,,,,,,,,,,,,,,,,,,
Add,GLP5 GLT - BE - Search Brand,,glp 1,Negative Phrase,,,,,,,,,,,,,,,,,,,,,,,,,,,,
Add,GLP5 GLT - BE - Search Brand,,glp1,Negative Phrase,,,,,,,,,,,,,,,,,,,,,,,,,,,,
Add,GLP5 GLT - BE - Search Brand,,guidelines,Negative Phrase,,,,,,,,,,,,,,,,,,,,,,,,,,,,
Add,GLP5 GLT - BE - Search Brand,,schedule,Negative Phrase,,,,,,,,,,,,,,,,,,,,,,,,,,,,
Add,GLP5 GLT - BE - Search Brand,,laboratory,Negative Phrase,,,,,,,,,,,,,,,,,,,,,,,,,,,,
Add,GLP5 GLT - BE - Search Brand,,reddit,Negative Phrase,,,,,,,,,,,,,,,,,,,,,,,,,,,,
Add,GLP5 GLT - BE - Search Brand,,jobs,Negative Phrase,,,,,,,,,,,,,,,,,,,,,,,,,,,,
Add,GLP5 GLT - BE - Search Brand,,job,Negative Phrase,,,,,,,,,,,,,,,,,,,,,,,,,,,,
Add,GLP5 GLT - BE - Search Brand,Brand - Exact,,,,,,,,,,,,,,,,,,,,,,,,,,,,,,
Add,GLP5 GLT - BE - Search Brand,Brand - Exact,glp5 glt,Exact,,,,,,,,,,,,,,,,,,,,,,,,,,,,
Add,GLP5 GLT - BE - Search Brand,Brand - Exact,glp 5 glt,Exact,,,,,,,,,,,,,,,,,,,,,,,,,,,,
Add,GLP5 GLT - BE - Search Brand,Brand - Exact,glp5glt,Exact,,,,,,,,,,,,,,,,,,,,,,,,,,,,
Add,GLP5 GLT - BE - Search Brand,Brand - Exact,glp-5 glt,Exact,,,,,,,,,,,,,,,,,,,,,,,,,,,,
Add,GLP5 GLT - BE - Search Brand,Brand - Exact,glp5 glt capsules,Exact,,,,,,,,,,,,,,,,,,,,,,,,,,,,
Add,GLP5 GLT - BE - Search Brand,Brand - Exact,glp5 capsules,Exact,,,,,,,,,,,,,,,,,,,,,,,,,,,,
Add,GLP5 GLT - BE - Search Brand,Brand - Exact,,,Responsive search ad,Pending,Enabled,https://glp5-glt.store/be/,{KeyWord:GLP5 GLT Capsules},GLP5 GLT België,GLP5 GLT online bestellen,Bespaar 46% op het 3-pakket,"GLP5 GLT capsules in België: vergelijk de prijzen van 1, 2 en 3 verpakkingen.","60 dagen geld-terug-garantie. 3-pakket: bespaar 46%, gratis verzending, € 1,22 per dag.",,,,,,,60 dagen geld-terug-garantie,"Slechts € 1,22 per dag",Gratis verzending vanaf 2,Veilig betalen,GLP5 GLT prijzen & pakketten,Eén capsule per dag,GLP5 GLT ervaringen,"Vanaf € 54,90 incl. verzending","Supplement voor stofwisseling en eetlust. Eenmalige betaling, geen abonnement.","Lees GLP5 GLT ervaringen, prijzen en waar je het koopt voordat je bestelt.",,
Add,GLP5 GLT - BE - Search Brand,Buy - Exact,,,,,,,,,,,,,,,,,,,,,,,,,,,,,,
Add,GLP5 GLT - BE - Search Brand,Buy - Exact,glp5 glt kopen,Exact,,,,,,,,,,,,,,,,,,,,,,,,,,,,
Add,GLP5 GLT - BE - Search Brand,Buy - Exact,glp5 kopen,Exact,,,,,,,,,,,,,,,,,,,,,,,,,,,,
Add,GLP5 GLT - BE - Search Brand,Buy - Exact,glp5 glt bestellen,Exact,,,,,,,,,,,,,,,,,,,,,,,,,,,,
Add,GLP5 GLT - BE - Search Brand,Buy - Exact,glp5 glt prijs,Exact,,,,,,,,,,,,,,,,,,,,,,,,,,,,
Add,GLP5 GLT - BE - Search Brand,Buy - Exact,glp5 glt kruidvat,Exact,,,,,,,,,,,,,,,,,,,,,,,,,,,,
Add,GLP5 GLT - BE - Search Brand,Buy - Exact,glp5 glt etos,Exact,,,,,,,,,,,,,,,,,,,,,,,,,,,,
Add,GLP5 GLT - BE - Search Brand,Buy - Exact,,,Responsive search ad,Pending,Enabled,https://glp5-glt.store/be/kopen/,{KeyWord:GLP5 GLT Capsules},GLP5 GLT België,GLP5 GLT online bestellen,Bespaar 46% op het 3-pakket,"GLP5 GLT capsules in België: vergelijk de prijzen van 1, 2 en 3 verpakkingen.","60 dagen geld-terug-garantie. 3-pakket: bespaar 46%, gratis verzending, € 1,22 per dag.",,,,,,,60 dagen geld-terug-garantie,"Slechts € 1,22 per dag",Gratis verzending vanaf 2,Veilig betalen,GLP5 GLT prijzen & pakketten,Eén capsule per dag,GLP5 GLT ervaringen,"Vanaf € 54,90 incl. verzending","Supplement voor stofwisseling en eetlust. Eenmalige betaling, geen abonnement.","Lees GLP5 GLT ervaringen, prijzen en waar je het koopt voordat je bestelt.",,
Add,GLP5 GLT - BE - Search Brand,Reviews - Exact,,,,,,,,,,,,,,,,,,,,,,,,,,,,,,
Add,GLP5 GLT - BE - Search Brand,Reviews - Exact,glp5 glt ervaringen,Exact,,,,,,,,,,,,,,,,,,,,,,,,,,,,
Add,GLP5 GLT - BE - Search Brand,Reviews - Exact,glp5 ervaringen,Exact,,,,,,,,,,,,,,,,,,,,,,,,,,,,
Add,GLP5 GLT - BE - Search Brand,Reviews - Exact,glp5 glt reviews,Exact,,,,,,,,,,,,,,,,,,,,,,,,,,,,
Add,GLP5 GLT - BE - Search Brand,Reviews - Exact,glp5 glt review,Exact,,,,,,,,,,,,,,,,,,,,,,,,,,,,
Add,GLP5 GLT - BE - Search Brand,Reviews - Exact,,,Responsive search ad,Pending,Enabled,https://glp5-glt.store/be/ervaringen/,{KeyWord:GLP5 GLT Capsules},GLP5 GLT België,GLP5 GLT online bestellen,Bespaar 46% op het 3-pakket,"GLP5 GLT capsules in België: vergelijk de prijzen van 1, 2 en 3 verpakkingen.","60 dagen geld-terug-garantie. 3-pakket: bespaar 46%, gratis verzending, € 1,22 per dag.",,,,,,,60 dagen geld-terug-garantie,"Slechts € 1,22 per dag",Gratis verzending vanaf 2,Veilig betalen,GLP5 GLT prijzen & pakketten,Eén capsule per dag,GLP5 GLT ervaringen,"Vanaf € 54,90 incl. verzending","Supplement voor stofwisseling en eetlust. Eenmalige betaling, geen abonnement.","Lees GLP5 GLT ervaringen, prijzen en waar je het koopt voordat je bestelt.",,
Add,GLP5 GLT - BE - Search Brand,Legit - Exact,,,,,,,,,,,,,,,,,,,,,,,,,,,,,,
Add,GLP5 GLT - BE - Search Brand,Legit - Exact,glp5 glt betrouwbaar,Exact,,,,,,,,,,,,,,,,,,,,,,,,,,,,
Add,GLP5 GLT - BE - Search Brand,Legit - Exact,glp5 glt oplichting,Exact,,,,,,,,,,,,,,,,,,,,,,,,,,,,
Add,GLP5 GLT - BE - Search Brand,Legit - Exact,glp5 glt nep,Exact,,,,,,,,,,,,,,,,,,,,,,,,,,,,
Add,GLP5 GLT - BE - Search Brand,Legit - Exact,glp5 glt leeuwenkuil,Exact,,,,,,,,,,,,,,,,,,,,,,,,,,,,
Add,GLP5 GLT - BE - Search Brand,Legit - Exact,,,Responsive search ad,Pending,Enabled,https://glp5-glt.store/be/betrouwbaar/,{KeyWord:GLP5 GLT Capsules},GLP5 GLT België,GLP5 GLT online bestellen,Bespaar 46% op het 3-pakket,"GLP5 GLT capsules in België: vergelijk de prijzen van 1, 2 en 3 verpakkingen.","60 dagen geld-terug-garantie. 3-pakket: bespaar 46%, gratis verzending, € 1,22 per dag.",,,,,,,60 dagen geld-terug-garantie,"Slechts € 1,22 per dag",Gratis verzending vanaf 2,Veilig betalen,GLP5 GLT prijzen & pakketten,Eén capsule per dag,GLP5 GLT ervaringen,"Vanaf € 54,90 incl. verzending","Supplement voor stofwisseling en eetlust. Eenmalige betaling, geen abonnement.","Lees GLP5 GLT ervaringen, prijzen en waar je het koopt voordat je bestelt.",,
Add,GLP5 GLT - BE - Search Brand,Brand - Phrase,,,,,,,,,,,,,,,,,,,,,,,,,,,,,,
Add,GLP5 GLT - BE - Search Brand,Brand - Phrase,glp5 glt,Phrase,,,,,,,,,,,,,,,,,,,,,,,,,,,,
Add,GLP5 GLT - BE - Search Brand,Brand - Phrase,glp 5 glt,Phrase,,,,,,,,,,,,,,,,,,,,,,,,,,,,
Add,GLP5 GLT - BE - Search Brand,Brand - Phrase,,,Responsive search ad,Pending,Enabled,https://glp5-glt.store/be/,{KeyWord:GLP5 GLT Capsules},GLP5 GLT België,GLP5 GLT online bestellen,Bespaar 46% op het 3-pakket,"GLP5 GLT capsules in België: vergelijk de prijzen van 1, 2 en 3 verpakkingen.","60 dagen geld-terug-garantie. 3-pakket: bespaar 46%, gratis verzending, € 1,22 per dag.",,,,,,,60 dagen geld-terug-garantie,"Slechts € 1,22 per dag",Gratis verzending vanaf 2,Veilig betalen,GLP5 GLT prijzen & pakketten,Eén capsule per dag,GLP5 GLT ervaringen,"Vanaf € 54,90 incl. verzending","Supplement voor stofwisseling en eetlust. Eenmalige betaling, geen abonnement.","Lees GLP5 GLT ervaringen, prijzen en waar je het koopt voordat je bestelt.",,
Add,GLP5 GLT - FR - Search Brand,,,,,,,,,,,,,,Search,Google Search,25,Daily,Maximize clicks,No,,,,,,,,,,,France,French
Add,GLP5 GLT - FR - Search Brand,,peptide,Negative Phrase,,,,,,,,,,,,,,,,,,,,,,,,,,,,
Add,GLP5 GLT - FR - Search Brand,,peptides,Negative Phrase,,,,,,,,,,,,,,,,,,,,,,,,,,,,
Add,GLP5 GLT - FR - Search Brand,,eli lilly,Negative Phrase,,,,,,,,,,,,,,,,,,,,,,,,,,,,
Add,GLP5 GLT - FR - Search Brand,,lilly,Negative Phrase,,,,,,,,,,,,,,,,,,,,,,,,,,,,
Add,GLP5 GLT - FR - Search Brand,,retatrutide,Negative Phrase,,,,,,,,,,,,,,,,,,,,,,,,,,,,
Add,GLP5 GLT - FR - Search Brand,,tirzepatide,Negative Phrase,,,,,,,,,,,,,,,,,,,,,,,,,,,,
Add,GLP5 GLT - FR - Search Brand,,semaglutide,Negative Phrase,,,,,,,,,,,,,,,,,,,,,,,,,,,,
Add,GLP5 GLT - FR - Search Brand,,ozempic,Negative Phrase,,,,,,,,,,,,,,,,,,,,,,,,,,,,
Add,GLP5 GLT - FR - Search Brand,,wegovy,Negative Phrase,,,,,,,,,,,,,,,,,,,,,,,,,,,,
Add,GLP5 GLT - FR - Search Brand,,mounjaro,Negative Phrase,,,,,,,,,,,,,,,,,,,,,,,,,,,,
Add,GLP5 GLT - FR - Search Brand,,injection,Negative Phrase,,,,,,,,,,,,,,,,,,,,,,,,,,,,
Add,GLP5 GLT - FR - Search Brand,,injections,Negative Phrase,,,,,,,,,,,,,,,,,,,,,,,,,,,,
Add,GLP5 GLT - FR - Search Brand,,injektion,Negative Phrase,,,,,,,,,,,,,,,,,,,,,,,,,,,,
Add,GLP5 GLT - FR - Search Brand,,spritze,Negative Phrase,,,,,,,,,,,,,,,,,,,,,,,,,,,,
Add,GLP5 GLT - FR - Search Brand,,pen,Negative Phrase,,,,,,,,,,,,,,,,,,,,,,,,,,,,
Add,GLP5 GLT - FR - Search Brand,,prescription,Negative Phrase,,,,,,,,,,,,,,,,,,,,,,,,,,,,
Add,GLP5 GLT - FR - Search Brand,,rezept,Negative Phrase,,,,,,,,,,,,,,,,,,,,,,,,,,,,
Add,GLP5 GLT - FR - Search Brand,,recept,Negative Phrase,,,,,,,,,,,,,,,,,,,,,,,,,,,,
Add,GLP5 GLT - FR - Search Brand,,ordonnance,Negative Phrase,,,,,,,,,,,,,,,,,,,,,,,,,,,,
Add,GLP5 GLT - FR - Search Brand,,gear oil,Negative Phrase,,,,,,,,,,,,,,,,,,,,,,,,,,,,
Add,GLP5 GLT - FR - Search Brand,,oil,Negative Phrase,,,,,,,,,,,,,,,,,,,,,,,,,,,,
Add,GLP5 GLT - FR - Search Brand,,öl,Negative Phrase,,,,,,,,,,,,,,,,,,,,,,,,,,,,
Add,GLP5 GLT - FR - Search Brand,,olie,Negative Phrase,,,,,,,,,,,,,,,,,,,,,,,,,,,,
Add,GLP5 GLT - FR - Search Brand,,huile,Negative Phrase,,,,,,,,,,,,,,,,,,,,,,,,,,,,
Add,GLP5 GLT - FR - Search Brand,,bosch,Negative Phrase,,,,,,,,,,,,,,,,,,,,,,,,,,,,
Add,GLP5 GLT - FR - Search Brand,,beyond,Negative Phrase,,,,,,,,,,,,,,,,,,,,,,,,,,,,
Add,GLP5 GLT - FR - Search Brand,,glp-1,Negative Phrase,,,,,,,,,,,,,,,,,,,,,,,,,,,,
Add,GLP5 GLT - FR - Search Brand,,glp 1,Negative Phrase,,,,,,,,,,,,,,,,,,,,,,,,,,,,
Add,GLP5 GLT - FR - Search Brand,,glp1,Negative Phrase,,,,,,,,,,,,,,,,,,,,,,,,,,,,
Add,GLP5 GLT - FR - Search Brand,,guidelines,Negative Phrase,,,,,,,,,,,,,,,,,,,,,,,,,,,,
Add,GLP5 GLT - FR - Search Brand,,schedule,Negative Phrase,,,,,,,,,,,,,,,,,,,,,,,,,,,,
Add,GLP5 GLT - FR - Search Brand,,laboratory,Negative Phrase,,,,,,,,,,,,,,,,,,,,,,,,,,,,
Add,GLP5 GLT - FR - Search Brand,,reddit,Negative Phrase,,,,,,,,,,,,,,,,,,,,,,,,,,,,
Add,GLP5 GLT - FR - Search Brand,,jobs,Negative Phrase,,,,,,,,,,,,,,,,,,,,,,,,,,,,
Add,GLP5 GLT - FR - Search Brand,,job,Negative Phrase,,,,,,,,,,,,,,,,,,,,,,,,,,,,
Add,GLP5 GLT - FR - Search Brand,Brand - Exact,,,,,,,,,,,,,,,,,,,,,,,,,,,,,,
Add,GLP5 GLT - FR - Search Brand,Brand - Exact,glp5 glt,Exact,,,,,,,,,,,,,,,,,,,,,,,,,,,,
Add,GLP5 GLT - FR - Search Brand,Brand - Exact,glp 5 glt,Exact,,,,,,,,,,,,,,,,,,,,,,,,,,,,
Add,GLP5 GLT - FR - Search Brand,Brand - Exact,glp5glt,Exact,,,,,,,,,,,,,,,,,,,,,,,,,,,,
Add,GLP5 GLT - FR - Search Brand,Brand - Exact,glp-5 glt,Exact,,,,,,,,,,,,,,,,,,,,,,,,,,,,
Add,GLP5 GLT - FR - Search Brand,Brand - Exact,glp5 glt gélules,Exact,,,,,,,,,,,,,,,,,,,,,,,,,,,,
Add,GLP5 GLT - FR - Search Brand,Brand - Exact,glp5 gélules,Exact,,,,,,,,,,,,,,,,,,,,,,,,,,,,
Add,GLP5 GLT - FR - Search Brand,Brand - Exact,,,Responsive search ad,Pending,Enabled,https://glp5-glt.store/fr/,{KeyWord:GLP5 GLT Gélules},GLP5 GLT Gélules,Commander GLP5 GLT en ligne,-46 % sur le pack de 3,"GLP5 GLT gélules : comparez les prix des packs de 1, 2 et 3 et commandez en sécurité.","Satisfait ou remboursé 60 jours. Pack de 3 : -46 %, livraison offerte, 1,22 € par jour.",,,,,,,Satisfait ou remboursé 60 j,"Seulement 1,22 € par jour",Livraison offerte dès 2 packs,Paiement sécurisé,GLP5 GLT : prix et packs,Une gélule par jour,GLP5 GLT avis clients,"Dès 54,90 € livraison incl.","Complément pour le métabolisme et l'appétit. Paiement unique, sans abonnement.","Lisez les avis GLP5 GLT, les prix et où l'acheter en France avant de commander.",,
Add,GLP5 GLT - FR - Search Brand,Buy - Exact,,,,,,,,,,,,,,,,,,,,,,,,,,,,,,
Add,GLP5 GLT - FR - Search Brand,Buy - Exact,acheter glp5 glt,Exact,,,,,,,,,,,,,,,,,,,,,,,,,,,,
Add,GLP5 GLT - FR - Search Brand,Buy - Exact,glp5 glt prix,Exact,,,,,,,,,,,,,,,,,,,,,,,,,,,,
Add,GLP5 GLT - FR - Search Brand,Buy - Exact,glp5 glt pharmacie,Exact,,,,,,,,,,,,,,,,,,,,,,,,,,,,
Add,GLP5 GLT - FR - Search Brand,Buy - Exact,glp5 glt commander,Exact,,,,,,,,,,,,,,,,,,,,,,,,,,,,
Add,GLP5 GLT - FR - Search Brand,Buy - Exact,glp5 glt où acheter,Exact,,,,,,,,,,,,,,,,,,,,,,,,,,,,
Add,GLP5 GLT - FR - Search Brand,Buy - Exact,,,Responsive search ad,Pending,Enabled,https://glp5-glt.store/fr/acheter/,{KeyWord:GLP5 GLT Gélules},GLP5 GLT Gélules,Commander GLP5 GLT en ligne,-46 % sur le pack de 3,"GLP5 GLT gélules : comparez les prix des packs de 1, 2 et 3 et commandez en sécurité.","Satisfait ou remboursé 60 jours. Pack de 3 : -46 %, livraison offerte, 1,22 € par jour.",,,,,,,Satisfait ou remboursé 60 j,"Seulement 1,22 € par jour",Livraison offerte dès 2 packs,Paiement sécurisé,GLP5 GLT : prix et packs,Une gélule par jour,GLP5 GLT avis clients,"Dès 54,90 € livraison incl.","Complément pour le métabolisme et l'appétit. Paiement unique, sans abonnement.","Lisez les avis GLP5 GLT, les prix et où l'acheter en France avant de commander.",,
Add,GLP5 GLT - FR - Search Brand,Reviews - Exact,,,,,,,,,,,,,,,,,,,,,,,,,,,,,,
Add,GLP5 GLT - FR - Search Brand,Reviews - Exact,glp5 avis,Exact,,,,,,,,,,,,,,,,,,,,,,,,,,,,
Add,GLP5 GLT - FR - Search Brand,Reviews - Exact,glp5 glt avis,Exact,,,,,,,,,,,,,,,,,,,,,,,,,,,,
Add,GLP5 GLT - FR - Search Brand,Reviews - Exact,glp 5 glt avis,Exact,,,,,,,,,,,,,,,,,,,,,,,,,,,,
Add,GLP5 GLT - FR - Search Brand,Reviews - Exact,avis glp5 glt,Exact,,,,,,,,,,,,,,,,,,,,,,,,,,,,
Add,GLP5 GLT - FR - Search Brand,Reviews - Exact,,,Responsive search ad,Pending,Enabled,https://glp5-glt.store/fr/avis/,{KeyWord:GLP5 GLT Gélules},GLP5 GLT Gélules,Commander GLP5 GLT en ligne,-46 % sur le pack de 3,"GLP5 GLT gélules : comparez les prix des packs de 1, 2 et 3 et commandez en sécurité.","Satisfait ou remboursé 60 jours. Pack de 3 : -46 %, livraison offerte, 1,22 € par jour.",,,,,,,Satisfait ou remboursé 60 j,"Seulement 1,22 € par jour",Livraison offerte dès 2 packs,Paiement sécurisé,GLP5 GLT : prix et packs,Une gélule par jour,GLP5 GLT avis clients,"Dès 54,90 € livraison incl.","Complément pour le métabolisme et l'appétit. Paiement unique, sans abonnement.","Lisez les avis GLP5 GLT, les prix et où l'acheter en France avant de commander.",,
Add,GLP5 GLT - FR - Search Brand,Legit - Exact,,,,,,,,,,,,,,,,,,,,,,,,,,,,,,
Add,GLP5 GLT - FR - Search Brand,Legit - Exact,glp5 glt arnaque,Exact,,,,,,,,,,,,,,,,,,,,,,,,,,,,
Add,GLP5 GLT - FR - Search Brand,Legit - Exact,glp5 arnaque,Exact,,,,,,,,,,,,,,,,,,,,,,,,,,,,
Add,GLP5 GLT - FR - Search Brand,Legit - Exact,glp5 glt fiable,Exact,,,,,,,,,,,,,,,,,,,,,,,,,,,,
Add,GLP5 GLT - FR - Search Brand,Legit - Exact,glp5 glt qui veut être mon associé,Exact,,,,,,,,,,,,,,,,,,,,,,,,,,,,
Add,GLP5 GLT - FR - Search Brand,Legit - Exact,,,Responsive search ad,Pending,Enabled,https://glp5-glt.store/fr/arnaque/,{KeyWord:GLP5 GLT Gélules},GLP5 GLT Gélules,Commander GLP5 GLT en ligne,-46 % sur le pack de 3,"GLP5 GLT gélules : comparez les prix des packs de 1, 2 et 3 et commandez en sécurité.","Satisfait ou remboursé 60 jours. Pack de 3 : -46 %, livraison offerte, 1,22 € par jour.",,,,,,,Satisfait ou remboursé 60 j,"Seulement 1,22 € par jour",Livraison offerte dès 2 packs,Paiement sécurisé,GLP5 GLT : prix et packs,Une gélule par jour,GLP5 GLT avis clients,"Dès 54,90 € livraison incl.","Complément pour le métabolisme et l'appétit. Paiement unique, sans abonnement.","Lisez les avis GLP5 GLT, les prix et où l'acheter en France avant de commander.",,
Add,GLP5 GLT - FR - Search Brand,Brand - Phrase,,,,,,,,,,,,,,,,,,,,,,,,,,,,,,
Add,GLP5 GLT - FR - Search Brand,Brand - Phrase,glp5 glt,Phrase,,,,,,,,,,,,,,,,,,,,,,,,,,,,
Add,GLP5 GLT - FR - Search Brand,Brand - Phrase,glp 5 glt,Phrase,,,,,,,,,,,,,,,,,,,,,,,,,,,,
Add,GLP5 GLT - FR - Search Brand,Brand - Phrase,,,Responsive search ad,Pending,Enabled,https://glp5-glt.store/fr/,{KeyWord:GLP5 GLT Gélules},GLP5 GLT Gélules,Commander GLP5 GLT en ligne,-46 % sur le pack de 3,"GLP5 GLT gélules : comparez les prix des packs de 1, 2 et 3 et commandez en sécurité.","Satisfait ou remboursé 60 jours. Pack de 3 : -46 %, livraison offerte, 1,22 € par jour.",,,,,,,Satisfait ou remboursé 60 j,"Seulement 1,22 € par jour",Livraison offerte dès 2 packs,Paiement sécurisé,GLP5 GLT : prix et packs,Une gélule par jour,GLP5 GLT avis clients,"Dès 54,90 € livraison incl.","Complément pour le métabolisme et l'appétit. Paiement unique, sans abonnement.","Lisez les avis GLP5 GLT, les prix et où l'acheter en France avant de commander.",,
